8717057,130 kb of DNA sequence reveals two new genes and a regional duplication distal to the human iduronate-2-sulfate sulfatase locus.,Genome Res.  1995,iduronate
23867855,A 3' splice site mutation of IDS gene in a Chinese family with mucopolysaccharidosis type II.,Gene.  2013,mucopolysaccharidosis type ii
15909065,A 38.8 kb deletion mutation of the iduronate-2-sulfatase gene in a patient with Hunter syndrome.,J Formos Med Assoc.  2005,hunter
24781369,A biochemical and physicochemical comparison of two recombinant enzymes used for enzyme replacement therapies of hunter syndrome.,Glycoconj J.  2014,hunter
25190538,A case of Hunter syndrome with bilateral retinal detachment.,Eye (Lond).  2014,hunter
4622960,A case of the Hunter syndrome with progeny.,Johns Hopkins Med J.  1972,hunter
17391446,A clinical study of 77 patients with mucopolysaccharidosis type II.,Acta Paediatr.  2007,mucopolysaccharidosis type ii
24225991,A commentary on high-dose enzyme replacement therapy attenuates cerebroventriculomegaly in a mouse model of mucopolysaccharidosis type II.,J Hum Genet.  2013,mucopolysaccharidosis type ii
404968,A cutaneous marker in the Hunter syndrome a report of four cases.,Arch Dermatol.  1977,hunter
9712538,A deletion involving exons 2-4 in the iduronate-2-sulfatase gene of a patient with intermediate Hunter syndrome.,Clin Genet.  1998,hunter
11768586,A fluorimetric enzyme assay for the diagnosis of MPS II (Hunter disease).,J Inherit Metab Dis.  2001,mps ii
25059704,A Hunter Patient with a Severe Phenotype Reveals Two Large Deletions and Two Duplications Extending 1.2 Mb Distally to IDS Locus.,JIMD Rep.  2014,hunter
27114914,"A longitudinal study of emotional adjustment, quality of life and adaptive function in attenuated MPS II.",Mol Genet Metab Rep.  2016,mps ii
26051019,A method for measuring disease-specific iduronic acid from the non-reducing end of glycosaminoglycan in mucopolysaccharidosis type II mice.,Mol Genet Metab.  2016,mucopolysaccharidosis type ii
21108396,A mother and daughter with the p.R443X mutation of mucopolysaccharidosis type II: Genotype and phenotype analysis.,Am J Med Genet A.  2010,mucopolysaccharidosis type ii
24202085,"A multicenter, open-label study evaluating safety and clinical outcomes in children (1.4-7.5 years) with Hunter syndrome receiving idursulfase enzyme replacement therapy.",Genet Med.  2014,hunter
17657858,A new mutation (1062 del 16) of iduronate-2-sulfatase gene from a Chinese patient with Hunter syndrome.,J Zhejiang Univ Sci B.  2007,hunter
16456790,[A new mutation of iduronate-2-sulfatase gene from the patient with Hunter syndrome].,Zhonghua Yi Xue Yi Chuan Xue Za Zhi.  2006,hunter
22227323,A novel fluorometric enzyme analysis method for Hunter syndrome using dried blood spots.,Mol Genet Metab.  2012,hunter
19761845,A novel functional role of iduronate-2-sulfatase in zebrafish early development.,Matrix Biol.  2010,iduronate
22622771,A novel iduronate 2-sulfatase mutation in a Chinese family with mucopolysaccharidosis type II.,World J Pediatr.  2012,mucopolysaccharidosis type ii
18546295,A novel mutation in the iduronate 2 sulfatase gene resulting in mucopolysaccharidosis type II and chorea: case report of two siblings.,Mov Disord.  2008,mucopolysaccharidosis type ii
21910981,A novel mutation of IDS gene in a Chinese patient with mucopolysaccharidosis II by next-generation sequencing.,Clin Chim Acta.  2011,ids gene
112128,A pathological basis for the cutaneous papules of mucopolysaccharidosis II (the Hunter syndrome).,J Cutan Pathol.  1977,hunter
17185020,A phase I/II clinical trial of enzyme replacement therapy in mucopolysaccharidosis II (Hunter syndrome).,Mol Genet Metab.  2007,hunter
25834948,A phase I/II study of intrathecal idursulfase-IT in children with severe mucopolysaccharidosis II.,Genet Med.  2016,idursulfase
16912578,A phase II/III clinical study of enzyme replacement therapy with idursulfase in mucopolysaccharidosis II (Hunter syndrome).,Genet Med.  2006,hunter
26023658,A rare case of mucopolysaccharidosis: hunter syndrome.,J Clin Diagn Res.  2015,hunter
22690062,A rare case of mucopolysaccharidosis: Hunter syndrome.,J Nat Sci Biol Med.  2012,hunter
22474463,A study of the relationship between clinical phenotypes and plasma iduronate-2-sulfatase enzyme activities in Hunter syndrome patients.,Korean J Pediatr.  2012,hunter
25468646,Activities of daily living in patients with Hunter syndrome: impact of enzyme replacement therapy and hematopoietic stem cell transplantation.,Mol Genet Metab.  2015,hunter
9780074,Acute airway obstruction in Hunter syndrome.,Int J Pediatr Otorhinolaryngol.  1998,hunter
6817638,Administration of iduronate sulfatase by plasma exchange to patients with the Hunter syndrome: a clinical study.,Am J Med Genet.  1982,hunter
4214233,"Aminosugar-containing low molecular weight acidic compounds present in urine of normal children and of patients affected by mucopolysaccharidosis type II, 3 or IV.",Ital J Biochem.  1974,mucopolysaccharidosis type ii
12579417,An Alu-mediated rearrangement as cause of exon skipping in Hunter disease.,Hum Genet.  2003,hunter
6786801,An improved assay for iduronate 2-sulphate sulphatase in serum and its use in the detection of carriers of the Hunter syndrome.,Clin Chim Acta.  1981,hunter
10737977,Analysis of a 43.6 kb deletion in a patient with Hunter syndrome (MPSII): identification of a fusion transcript including sequences from the gene W and the IDS gene.,Hum Mutat.  2000,hunter
15500445,Analysis of normal and mutant iduronate-2-sulphatase conformation.,Biochem J.  2005,iduronate
21829674,Analysis of the IDS gene in 38 patients with Hunter syndrome: the c.879G>A (p.Gln293Gln) synonymous variation in a female create exonic splicing.,PLoS One.  2011,hunter
21800666,[Anesthesia for three patients with Hunter syndrome].,Masui.  2011,hunter
11126153,Anesthesia of CO2 laser surgery in a patient with Hunter syndrome: case report.,Chang Gung Med J.  2000,hunter
9251512,[Anesthetic management of a child with Hunter syndrome associated with sleep apnea].,Masui.  1997,hunter
26046872,Aorto-Tracheopexy in the Treatment of Hunter Syndrome.,Ann Thorac Surg.  2015,hunter
5006799,[Arachnoid cysts in the Hurler-Hunter syndrome].,Ann Radiol (Paris).  1968,hunter
11030177,ARDS as a complication of difficult airway management in a patient with Hunter syndrome.,Intensive Care Med.  2000,hunter
21204210,"Are MPS II heterozygotes actually asymptomatic? A study based on clinical and biochemical data, X-inactivation analysis and imaging evaluations.",Am J Med Genet A.  2011,mps ii
1283150,Assessment of iduronate-2-sulfatase mRNA expression in Hunter syndrome (mucopolysaccharidosis type II).,Hum Genet.  1992,mucopolysaccharidosis type ii
20504305,Atypical clinical presentation of mucopolysaccharidosis type II (Hunter syndrome): a case report.,J Med Case Rep.  2010,mucopolysaccharidosis type ii
22847837,Auditory characteristics and therapeutic effects of enzyme replacement in mouse model of the mucopolysaccharidosis (MPS) II.,Am J Med Genet A.  2012,mps ii
8832724,Bilateral epiretinal membranes: a new finding in Hunter syndrome.,Ophthalmic Genet.  1996,hunter
8870917,Biochemical and molecular analysis in a patient with the severe form of Hunter syndrome after bone marrow transplantation.,Am J Med Genet.  1996,hunter
2567642,Biochemical diagnosis of Hunter syndrome on Epstein-Barr virus-transformed lymphoblastoid cell lines.,Clin Chim Acta.  1989,hunter
27335624,Bioinformatic Analysis of the Human Recombinant Iduronate 2-Sulfate Sulfatase.,Open Microbiol J.  2016,iduronate
20617160,Bone density assessment in patients with mucopolysaccharidosis: A preliminary report from patients with MPS II and VI.,J Pediatr Rehabil Med.  2010,mps ii
10493987,Bone marrow transplantation in a Hunter patient with P266H mutation.,Int J Mol Med.  1999,hunter
19167723,Bone marrow transplantation in children with Hunter syndrome: outcome after 7 to 17 years.,J Pediatr.  2009,hunter
7567644,Bone marrow transplantation in Hunter syndrome (mucopolysaccharidosis type II): two-year follow-up of the first Italian patient and review of the literature.,Pediatr Med Chir.  1995,mucopolysaccharidosis type ii
8757575,Bone marrow transplantation in Hunter syndrome.,J Pediatr.  1996,hunter
7623456,Bone marrow transplantation in Hunter syndrome.,J Inherit Metab Dis.  1995,hunter
3083885,Bone marrow transplantation in Hunter syndrome: a preliminary report.,Birth Defects Orig Artic Ser.  1986,hunter
22433425,Botulinum toxin type A for the treatment of equinus deformity in patients with mucopolysaccharidosis type II.,J Child Neurol.  2012,mucopolysaccharidosis type ii
22065691,Brain-penetrating IgG-iduronate 2-sulfatase fusion protein for the mouse.,Drug Metab Dispos.  2012,iduronate
24979053,Brazilian reference values for MPS II screening in dried blood spots--a fluorimetric assay.,Clin Biochem.  2014,mps ii
9611068,Brother/sister siblings affected with Hunter disease: evidence for skewed X chromosome inactivation.,Clin Genet.  1998,hunter
21168227,Cardiac magnetic resonance imaging of mucopolysaccharidosis type II cardiomyopathy.,Int J Cardiol.  2011,mucopolysaccharidosis type ii
26899310,"Cardiac structure and function and effects of enzyme replacement therapy in patients with mucopolysaccharidoses I, II, IVA and VI.",Mol Genet Metab.  2016,enzyme replacement
6227239,Carrier detection in Hunter syndrome.,Am J Med Genet.  1983,hunter
1503397,Carrier detection of deletions of the Hunter gene by in situ hybridization.,Ann Hum Genet.  1992,hunter
8097259,Carrier detection of Hunter syndrome (MPS II) by biochemical and DNA techniques in families at risk.,J Med Genet.  1993,mps ii
8364592,Caveat to genotype-phenotype correlation in mucopolysaccharidosis type II: discordant clinical severity of R468W and R468Q mutations of the iduronate-2-sulfatase gene.,Hum Mutat.  1993,mucopolysaccharidosis type ii
27016302,"Cell cycle is disturbed in mucopolysaccharidosis type II fibroblasts, and can be improved by genistein.",Gene.  2016,mucopolysaccharidosis type ii
17056260,Cerebral infarction in Hunter syndrome.,J Clin Neurosci.  2006,hunter
9105743,Cervical decompression in mild mucopolysaccharidosis type II (Hunter syndrome).,Childs Nerv Syst.  1997,mucopolysaccharidosis type ii
2118851,"[Cervical myelopathy in mucopolysaccharidosis type II (Hunter's syndrome). Neuroradiologic, clinical and histopathologic findings].",Dtsch Med Wochenschr.  1990,mucopolysaccharidosis type ii
7484623,Cervical myelopathy secondary to Hunter syndrome in an adult.,AJNR Am J Neuroradiol.  1995,hunter
25721852,Cervical spine MRI findings in patients with Mucopolysaccharidosis type II.,Pediatr Neurosurg.  2015,mucopolysaccharidosis type ii
26633932,Challenges in the Management of Mucopolysaccharidosis Type II (Hunter's Syndrome) in a Developing Country: a Case Report.,Ethiop J Health Sci.  2015,mucopolysaccharidosis type ii
19319660,Changes in gait pattern as assessed by the GAITRite™ walkway system in MPS II patients undergoing enzyme replacement therapy.,J Inherit Metab Dis.  2009,mps ii
21319344,Changes in glycogen and glycosaminoglycan levels in hepatocytes of iduronate-2-sulfatase knockout mice before and after recombinant iduronate-2-sulfatase supplementation.,Yonsei Med J.  2011,iduronate
6789225,Changes in the voluntary muscles and the peripheral nerves in an autopsy case of MPS type II (Hunter).,Neuropediatrics.  1981,hunter
25267496,"Characteristic pebbling"" skin eruption as a presenting sign of Hunter syndrome.""",Int J Dermatol.  2014,hunter
20652491,Characterization of a novel mucopolysaccharidosis type II mouse model and recombinant AAV2/8 vector-mediated gene therapy.,Mol Cells.  2010,mucopolysaccharidosis type ii
17655837,Characterization of a novel p.S305P and a known c.1006+5G>C splice site mutation in human iduronate-2-sulfatase associated with mucopolysaccharidosis type II.,Clin Chim Acta.  2007,mucopolysaccharidosis type ii
6447930,Characterization of dermatan sulfate and heparan sulfate in the urine of a patient with the Hunter syndrome.,Tohoku J Exp Med.  1980,hunter
9337875,Characterization of iduronate sulphatase mutants affecting N-glycosylation sites and the cysteine-84 residue.,Biochem J.  1997,iduronate
15832315,Characterization of iduronate-2-sulfatase gene-pseudogene recombinations in eight patients with Mucopolysaccharidosis type II revealed by a rapid PCR-based method.,Hum Mutat.  2005,mucopolysaccharidosis type ii
4987382,Characterization of the factor deficient in the Hunter syndrome by polyacrylamide gel electrophoresis.,Biochem Biophys Res Commun.  1970,hunter
6774445,Chemical structure of urinary dermatan sulfate excreted by a patient with the Hunter syndrome.,Tohoku J Exp Med.  1980,hunter
153768,Chemistry of heparitin sulfate and heparin from normal tissues and from patients with Hunter syndrome.,Biochim Biophys Acta.  1979,hunter
23818180,Chiari 1 malformation and holocord syringomyelia in hunter syndrome.,JIMD Rep.  2014,hunter
24083598,Circadian transcriptome analysis in human fibroblasts from Hunter syndrome and impact of iduronate-2-sulfatase treatment.,BMC Med Genomics.  2013,hunter
19821143,Clinical and biochemical studies in mucopolysaccharidosis type II carriers.,J Inherit Metab Dis.  2009,mucopolysaccharidosis type ii
9598589,Clinical and morphologic features of mucopolysaccharidosis type II in a dog: naturally occurring model of Hunter syndrome.,Vet Pathol.  1998,mucopolysaccharidosis type ii
17345555,[Clinical aspects of mucopolysaccharidosis type II].,Rev Neurol.  2007,mucopolysaccharidosis type ii
25231261,"Clinical efficacy of enzyme replacement therapy in paediatric Hunter patients, an independent study of 3.5 years.",Orphanet J Rare Dis.  2014,hunter
23800320,Clinical manifestations in female carriers of mucopolysaccharidosis type II: a Spanish cross-sectional study.,Orphanet J Rare Dis.  2013,mucopolysaccharidosis type ii
24060500,[Clinical practice guideline for the management of Hunter syndrome. Hunter España working group].,Med Clin (Barc).  2013,hunter
24818348,Clinical presentation and diagnosis of mucopolysaccharidosis type 2 (Hunter syndrome).,J Assoc Physicians India.  2013,hunter
23209998,Clinical Presentation of Mucopolysaccharidosis Type II (Hunter's Syndrome).,Ann Med Health Sci Res.  2012,mucopolysaccharidosis type ii
26360015,"Clinical response to long term enzyme replacement treatment in children, adolescent and adult patients with Hunter syndrome.",Med Clin (Barc).  2015,hunter
17345556,[Clinical study of enzyme replacement therapy with idursulfase].,Rev Neurol.  2007,idursulfase
17345553,[Clinical update on Hunter syndrome (MPS II). Introduction].,Rev Neurol.  2007,mps ii
21863056,Clinical utility gene card for: mucopolysaccharidosis type II.,Eur J Hum Genet.  2012,mucopolysaccharidosis type ii
8325651,Cloning and characterization of the cDNA for the murine iduronate sulfatase gene.,Genomics.  1993,iduronate
22194384,Closed Meningo(encephalo)cele: a new feature in Hunter syndrome.,AJNR Am J Neuroradiol.  2012,hunter
22279584,"CNS penetration of intrathecal-lumbar idursulfase in the monkey, dog and mouse: implications for neurological outcomes of lysosomal storage disorder.",PLoS One.  2012,idursulfase
25541100,"Cognitive, medical, and neuroimaging characteristics of attenuated mucopolysaccharidosis type II.",Mol Genet Metab.  2015,mucopolysaccharidosis type ii
7904121,Combined enzymatic and linkage analysis for heterozygote detection in Hunter syndrome: identification of an apparent case of germinal mosaicism.,Am J Med Genet.  1993,hunter
10584926,Combined ultrafiltration-transduction in a hollow-fiber bioreactor facilitates retrovirus-mediated gene transfer into peripheral blood lymphocytes from patients with mucopolysaccharidosis type II.,Hum Gene Ther.  1999,mucopolysaccharidosis type ii
9442913,Comparison of SSCP analysis and CFLP analysis for mutation detection in the human iduronate 2-sulfatase gene.,Biochem Mol Biol Int.  1997,iduronate
16831472,Complications of tracheotomy in patients with mucopolysaccharidoses type II (Hunter syndrome).,Int J Pediatr Otorhinolaryngol.  2006,hunter
17546220,[Computational prediction of the tertiary structure of the human iduronate 2-sulfate sulfatase].,Biomedica.  2007,iduronate
20876612,Correction of CNS defects in the MPSII mouse model via systemic enzyme replacement therapy.,Hum Mol Genet.  2010,enzyme replacement
16505002,Correction of Hunter syndrome in the MPSII mouse model by AAV2/8-mediated gene delivery.,Hum Mol Genet.  2006,hunter
25141890,"Cytogenetic biomonitoring in mucopolyssacharosis I, II and IV patients treated with enzyme replacement therapy.",Toxicol Mech Methods.  2014,enzyme replacement
26693516,Data in support of a functional analysis of splicing mutations in the IDS gene and the use of antisense oligonucleotides to exploit an alternative therapy for MPS II.,Data Brief.  2015,mps ii
25681085,Deep Genotyping of the IDS Gene in Colombian Patients with Hunter Syndrome.,JIMD Rep.  2015,hunter
8055611,Delayed awakening from general anaesthesia in a patient with Hunter syndrome.,Can J Anaesth.  1994,hunter
1355630,Deletion of the Hunter gene and both DXS466 and DXS304 in a patient with mucopolysaccharidosis type II.,Am J Med Genet.  1992,mucopolysaccharidosis type ii
23430804,Detection by Urinary GAG Testing of Mucopolysaccharidosis Type II in an At-Risk Spanish Population.,JIMD Rep.  2013,mucopolysaccharidosis type ii
16624026,[Detection of a new mutation (1343-TT) in the iduronate-2-sulfatase gene from a Chinese patient with mucopolysaccharidosis type II].,Zhonghua Er Ke Za Zhi.  2006,mucopolysaccharidosis type ii
15192834,[Detection of a new mutation (G1253T) of iduronate-2-sulfatase gene for the patient with mucopolysaccharidosis type II].,Zhonghua Yi Xue Yi Chuan Xue Za Zhi.  2004,mucopolysaccharidosis type ii
16735228,[Detection of a new mutation (T1140C)in a Chinese Guangdong patient with hunter syndrome].,Yi Chuan.  2006,hunter
10215411,Detection of four novel mutations in the iduronate-2-sulfatase gene. Mutations in brief no. 123. Online.,Hum Mutat.  1998,iduronate
107796,Detection of hunter heterozygotes by enzymatic analysis of hair roots.,Am J Hum Genet.  1979,hunter
16480701,Detection of Hunter syndrome (mucopolysaccharidosis type II) in Taiwanese: biochemical and linkage studies of the iduronate-2-sulfatase gene defects in MPS II patients and carriers.,Clin Chim Acta.  2006,mucopolysaccharidosis type ii
16497940,Detection of mucopolysaccharidosis type II by measurement of iduronate-2-sulfatase in dried blood spots and plasma samples.,Clin Chem.  2006,mucopolysaccharidosis type ii
1639384,Detection of point mutations and a gross deletion in six Hunter syndrome patients.,Genomics.  1992,hunter
17284421,[Detection of two novel mutations of iduronate-2-sulfatase gene in patients with mucopolysaccharidosis type II].,Yi Chuan.  2007,mucopolysaccharidosis type ii
8490623,Determination of the organisation of coding sequences within the iduronate sulphate sulphatase (IDS) gene.,Hum Mol Genet.  1993,iduronate
20382108,Determination of urinary oligosaccharides by high-performance liquid chromatography/electrospray ionization-tandem mass spectrometry: Application to Hunter syndrome.,Anal Biochem.  2010,hunter
26534015,Development of a Measure to Assess Severity of Mps Ii: the Disease Severity Score.,Value Health.  2015,mps ii
23468122,Development of a mnemonic screening tool for identifying subjects with Hunter syndrome.,Eur J Pediatr.  2013,hunter
21447345,Development of a sandwich enzyme linked immunosorbent assay (ELISA) for the quantification of iduronate-2-sulfate sulfatase.,J Immunol Methods.  2011,iduronate
22383073,Diagnosing Hunter syndrome in pediatric practice: practical considerations and common pitfalls.,Eur J Pediatr.  2012,hunter
24510650,Diagnosing lysosomal storage disorders: mucopolysaccharidosis type II.,Curr Protoc Hum Genet.  2013,mucopolysaccharidosis type ii
18339190,Diagnosis and management of respiratory involvement in Hunter syndrome.,Acta Paediatr.  2008,hunter
25887606,"Diagnosis, quality of life, and treatment of patients with Hunter syndrome in the French healthcare system: a retrospective observational study.",Orphanet J Rare Dis.  2015,hunter
16617305,Differences in methylation patterns in the methylation boundary region of IDS gene in Hunter syndrome patients: implications for CpG hot spot mutations.,Eur J Hum Genet.  2006,hunter
19860233,[Difficult tracheal intubation using airway scope in a pediatric patient with Hunter syndrome].,Masui.  2009,hunter
26297117,Direct assay of iduronate-2-sulfatase for Hunter disease using UPLC-tandem mass spectrometry and fluorogenic substrate.,Clin Biochem.  2015,hunter
21334454,DNA damage in leukocytes from pretreatment mucopolysaccharidosis type II patients; protective effect of enzyme replacement therapy.,Mutat Res.  2011,mucopolysaccharidosis type ii
9482575,DNA deletion confined to the iduronate-2-sulfatase promoter abolishes IDS gene expression.,Hum Mutat.  1998,iduronate
9097969,Double-strand breaks may initiate the inversion mutation causing the Hunter syndrome.,Hum Mol Genet.  1997,hunter
21530981,Early clinical markers of central nervous system involvement in mucopolysaccharidosis type II.,J Pediatr.  2011,mucopolysaccharidosis type ii
21524741,[Early response to idursulfase in a 31-year old male patient with Hunter syndrome].,Rev Clin Esp.  2011,hunter
18396123,Early response to idursulfase treatment in a 3 year-old boy affected of Hunter syndrome.,Eur J Med Genet.  2008,hunter
27051266,Early Retinal Changes in Hunter Syndrome According to Spectral Domain Optical Coherence Tomography.,Korean J Ophthalmol.  2016,hunter
6821104,[Echocardiographic manifestations of the heart in the Hunter syndrome: report of a case].,J Cardiogr.  1982,hunter
25503568,Effect of donor chimerism to reduce the level of glycosaminoglycans following bone marrow transplantation in a murine model of mucopolysaccharidosis type II.,J Inherit Metab Dis.  2015,mucopolysaccharidosis type ii
17091340,"Effect of Hunter disease (mucopolysaccharidosis type II) mutations on molecular phenotypes of iduronate-2-sulfatase: enzymatic activity, protein processing and structural analysis.",J Inherit Metab Dis.  2006,mucopolysaccharidosis type ii
22926198,Effect of rapid cessation of enzyme replacement therapy: a report of 5 cases and a review of the literature.,Mol Genet Metab.  2012,enzyme replacement
24060239,Effect of rapid cessation of enzyme replacement therapy: a report of 5 more cases.,Mol Genet Metab.  2014,enzyme replacement
24368158,"Effect of recombinant human growth hormone on changes in height, bone mineral density, and body composition over 1-2 years in children with Hurler or Hunter syndrome.",Mol Genet Metab.  2014,hunter
26520066,Effect of systemic high dose enzyme replacement therapy on the improvement of CNS defects in a mouse model of mucopolysaccharidosis type II.,Orphanet J Rare Dis.  2015,mucopolysaccharidosis type ii
20978944,Effects of enzyme replacement therapy on growth in patients with mucopolysaccharidosis type II.,J Inherit Metab Dis.  2011,mucopolysaccharidosis type ii
23375472,Effects of idursulfase enzyme replacement therapy for Mucopolysaccharidosis type II when started in early infancy: comparison in two siblings.,Mol Genet Metab.  2013,mucopolysaccharidosis type ii
25402250,[Efficacy and safety of idursulfase therapy in patients with mucopolysaccharidosis type II with and without comparison to placebo: systematic review and meta-analysis].,Cad Saude Publica.  2013,mucopolysaccharidosis type ii
4205505,Electrophysiological and psychophysical findings in Hunter syndrome.,Arch Ophthalmol.  1974,hunter
20104590,Enigmatic in vivo iduronate-2-sulfatase (IDS) mutant transcript correction to wild-type in Hunter syndrome.,Hum Mutat.  2010,hunter
26937399,Enzymatic replacement therapy for Hunter disease: Up to 9 years experience with 17 patients.,Mol Genet Metab Rep.  2015,hunter
24100247,Enzyme augmentation therapy enhances the therapeutic efficacy of bone marrow transplantation in mucopolysaccharidosis type II mice.,Mol Genet Metab.  2014,mucopolysaccharidosis type ii
15190196,Enzyme replacement and enhancement therapies for lysosomal diseases.,J Inherit Metab Dis.  2004,enzyme replacement
818571,Enzyme replacement therapy by fibroblast transplantation in a case of Hunter syndrome.,Nature.  1976,hunter
22704483,Enzyme replacement therapy (ERT) procedure for mucopolysaccharidosis type II (MPS II) by intraventricular administration (IVA) in murine MPS II.,Mol Genet Metab.  2012,mucopolysaccharidosis type ii
20676532,"[Enzyme replacement therapy for mucopolysaccharidoses I, II and VI: recommendations from a group of Brazilian F experts].",Rev Assoc Med Bras.  2010,enzyme replacement
21672014,Enzyme replacement therapy for mucopolysaccharidosis II from 3 months of age: a 3-year follow-up.,Acta Paediatr.  2012,enzyme replacement
24515576,Enzyme Replacement Therapy in Mucopolysaccharidosis II Patients Under 1 Year of Age.,JIMD Rep.  2014,enzyme replacement
12572850,Enzyme replacement therapy in mucopolysaccharidosis type II (Hunter syndrome): a preliminary report.,Acta Paediatr Suppl.  2002,mucopolysaccharidosis type ii
21211680,[Enzyme replacement therapy of lysosomal storage diseases].,Rev Med Interne.  2010,enzyme replacement
26845288,Enzyme replacement therapy with idursulfase for mucopolysaccharidosis type II (Hunter syndrome).,Cochrane Database Syst Rev.  2016,mucopolysaccharidosis type ii
24399699,Enzyme replacement therapy with idursulfase for mucopolysaccharidosis type II (Hunter syndrome).,Cochrane Database Syst Rev.  2014,mucopolysaccharidosis type ii
22071845,Enzyme replacement therapy with idursulfase for mucopolysaccharidosis type II (Hunter syndrome).,Cochrane Database Syst Rev.  2011,mucopolysaccharidosis type ii
18339193,Enzyme replacement therapy with idursulfase in patients with mucopolysaccharidosis type II.,Acta Paediatr.  2008,mucopolysaccharidosis type ii
21290685,Enzyme replacement therapy – a brief history.,Fabry Disease: Perspectives from 5 Years of FOS.  2006,enzyme replacement
11228260,Evaluation of accumulated mucopolysaccharides in the brain of patients with mucopolysaccharidoses by (1)H-magnetic resonance spectroscopy before and after bone marrow transplantation.,Pediatr Res.  2001,mucopolysaccharides
7814022,Evidence for an iduronate-sulfatase pseudogene near the functional Hunter syndrome gene in Xq27.3-q28.,Hum Genet.  1995,hunter
21351076,Expression in CHO cells and pharmacokinetics and brain uptake in the Rhesus monkey of an IgG-iduronate-2-sulfatase fusion protein.,Biotechnol Bioeng.  2011,iduronate
15614569,Expression studies of mutations underlying Taiwanese Hunter syndrome (mucopolysaccharidosis type II).,Hum Genet.  2005,mucopolysaccharidosis type ii
12794697,Expression studies of two novel in CIS-mutations identified in an intermediate case of Hunter syndrome.,Am J Med Genet A.  2003,hunter
23707223,Extension of the molecular analysis to the promoter region of the iduronate 2-sulfatase gene reveals genomic alterations in mucopolysaccharidosis type II patients with normal coding sequence.,Gene.  2013,mucopolysaccharidosis type ii
9843019,Extensive Mongolian spots associated with Hunter syndrome.,J Am Acad Dermatol.  1998,hunter
10189657,Failure of the laryngeal mask to secure the airway in a patient with Hunter's syndrome (mucopolysaccharidosis type II).,Paediatr Anaesth.  1999,mucopolysaccharidosis type ii
6138678,Feasibility of first trimester prenatal diagnosis of Hunter syndrome.,Lancet.  1983,hunter
21062272,Female Hunter syndrome caused by a single mutation and familial XCI skewing: implications for other X-linked disorders.,Clin Genet.  2011,hunter
1481858,Female twin with Hunter disease due to nonrandom inactivation of the X-chromosome: a consequence of twinning.,Am J Med Genet.  1992,hunter
20709629,First experience of enzyme replacement therapy with idursulfase in Spanish patients with Hunter syndrome under 5 years of age: case observations from the Hunter Outcome Survey (HOS).,Eur J Med Genet.  2010,hunter
17333554,First treatment for Hunter syndrome.,FDA Consum.  2006,hunter
6147543,First trimester diagnosis of Hunter syndrome on chorionic villi.,Lancet.  1984,hunter
1557316,First-trimester diagnosis of Hunter syndrome (MPS II),Prenat Diagn.  1992,mps ii
1820774,First-trimester diagnosis of Hunter syndrome: very low iduronate sulphatase activity in chorionic villi from a heterozygous female fetus.,Prenat Diagn.  1991,hunter
17345554,[Follow-up of patients with Hunter syndrome: the Hunter Outcome Survey (HOS) registry].,Rev Neurol.  2007,hunter
10580346,Freezing characteristics of genetically modified lymphocytes for the treatment of MPS II.,Cell Transplant.  1999,mps ii
1901826,Frequent deletions at Xq28 indicate genetic heterogeneity in Hunter syndrome.,Hum Genet.  1991,hunter
26407519,Functional analysis of splicing mutations in the IDS gene and the use of antisense oligonucleotides to exploit an alternative therapy for MPS II.,Biochim Biophys Acta.  2015,mps ii
16770800,"Further cases of neighbor"" mutations in mucopolysaccharidosis type II.""",Am J Med Genet A.  2006,mucopolysaccharidosis type ii
4266536,"Gargoylism (mucopolysaccharidosis type II). Accumulation of glycosaminoglycans, gangliosides and glycoproteins and activity of some related glycolytic enzymes in liver, spleen and brain.",Clin Chim Acta.  1973,mucopolysaccharidosis type ii
1357230,Gene diagnosis and carrier detection in Hunter syndrome by the iduronate-2-sulphatase cDNA probe.,J Inherit Metab Dis.  1992,hunter
20960629,Gene symbol: IDS. Disease: Hunter syndrome.,Hum Genet.  2008,hunter
16738950,Gene symbol: IDS. Disease: mucopolysaccharidosis type II (Hunter syndrome).,Hum Genet.  2006,mucopolysaccharidosis type ii
18675343,Gene therapy of Hunter syndrome: evaluation of the efficiency of muscle electro gene transfer for the production and release of recombinant iduronate-2-sulfatase (IDS).,Biochim Biophys Acta.  2008,hunter
24780617,Genetic analysis of 17 children with Hunter syndrome: identification and functional characterization of four novel mutations in the iduronate-2-sulfatase gene.,J Genet Genomics.  2014,hunter
61412,Genetic counselling for Hunter syndrome.,Lancet.  1976,hunter
1572654,Genetic mapping on the mouse X chromosome of human cDNA clones for the fragile X and Hunter syndromes.,Genomics.  1992,hunter
3126700,"Genetics of Hunter syndrome: carrier detection, new mutations, segregation and linkage analysis.",Ann Hum Genet.  1986,hunter
20136838,Genistein reduces glycosaminoglycan levels in a mouse model of mucopolysaccharidosis type II.,Br J Pharmacol.  2010,mucopolysaccharidosis type ii
9039991,Germline and somatic mosaicism in a female carrier of Hunter disease.,J Med Genet.  1997,hunter
6801103,Glycosaminoglycan in the skin and urine of a Hunter syndrome patient with a specific skin lesion.,J Dermatol.  1981,hunter
24955330,Growth charts for patients with Hunter syndrome.,Mol Genet Metab Rep.  2014,hunter
20950410,Growth pattern and growth prediction of body height in children with mucopolysaccharidosis type II.,Acta Paediatr.  2011,mucopolysaccharidosis type ii
25071396,Guidelines for diagnosis and treatment of Hunter Syndrome for clinicians in Latin America.,Genet Mol Biol.  2014,hunter
25395377,Health-Related Quality of Life in Patients with MPS II.,J Genet Couns.  2015,mps ii
6432613,Hearing loss in Hunter's syndrome--mucopolysaccharidosis II.,Ear Hear.  1984,hunter's
21866356,Hearing loss in patients with mucopolysaccharidosis II: data from HOS - the Hunter Outcome Survey.,J Inherit Metab Dis.  2012,hunter
10828872,Hematopoietic cell transplantation for mucopolysaccharidosis IIB (Hunter syndrome).,Bone Marrow Transplant.  2000,hunter
25761450,Hematopoietic Stem Cell Gene Therapy Corrects Neuropathic Phenotype in Murine Model of Mucopolysaccharidosis Type II.,Hum Gene Ther.  2015,mucopolysaccharidosis type ii
7693576,Heterogeneity of DNA and RNA in Hunter patients.,Hum Genet.  1993,hunter
6424473,Heterozygote detection in Hunter syndrome.,Am J Med Genet.  1984,hunter
21567931,High prevalence of carpal tunnel syndrome in children with mucopolysaccharidosis type II (Hunter syndrome).,Am J Med Genet A.  2011,mucopolysaccharidosis type ii
24005894,High-dose enzyme replacement therapy attenuates cerebroventriculomegaly in a mouse model of mucopolysaccharidosis type II.,J Hum Genet.  2013,mucopolysaccharidosis type ii
17955852,"High-speed, ultrahigh resolution optical coherence tomography of the retina in Hunter syndrome.",Ophthalmic Surg Lasers Imaging.  2007,hunter
24011228,Home treatment in paediatric patients with Hunter syndrome: the first Italian experience.,Ital J Pediatr.  2013,hunter
20638311,Home treatment with intravenous enzyme replacement therapy with idursulfase for mucopolysaccharidosis type II - data from the Hunter Outcome Survey.,Mol Genet Metab.  2010,mucopolysaccharidosis type ii
9801874,Homologous nonallelic recombinations between the iduronate-sulfatase gene and pseudogene cause various intragenic deletions and inversions in patients with mucopolysaccharidosis type II.,Eur J Hum Genet.  1998,mucopolysaccharidosis type ii
21824567,Hunter disease before and during enzyme replacement therapy.,Pediatr Neurol.  2011,hunter
20973983,"Hunter disease eClinic: interactive, computer-assisted, problem-based approach to independent learning about a rare genetic disease.",BMC Med Educ.  2010,hunter
9375851,Hunter disease in a girl caused by R468Q mutation in the iduronate-2-sulfatase gene and skewed inactivation of the X chromosome carrying the normal allele.,Hum Mutat.  1997,hunter
9762601,Hunter disease in the Spanish population: molecular analysis in 31 families.,J Inherit Metab Dis.  1998,hunter
1678247,Hunter disease (mucopolysaccharidosis type II) associated with unbalanced inactivation of the X chromosomes in a karyotypically normal girl.,Am J Hum Genet.  1991,mucopolysaccharidosis type ii
2112988,Hunter disease (mucopolysaccharidosis type II) in a karyotypically normal girl.,Clin Genet.  1990,mucopolysaccharidosis type ii
3935563,Hunter syndrome among Ashkenazi Jews in Israel; evidence for prenatal selection favoring the Hunter allele.,Hum Genet.  1985,hunter
7858175,Hunter syndrome among Jews in Israel.,Biomed Pharmacother.  1994,hunter
21556874,Hunter syndrome and new onset idiopathic thrombocytopenic purpura in a young patient.,Ann Hematol.  2012,hunter
18638965,Hunter syndrome complicated by hydrocephalus and an endogenous anticoagulant.,J Clin Neurosci.  1997,hunter
23307460,Hunter syndrome follow-up after 1 year of enzyme-replacement therapy.,BMJ Case Rep.  2013,hunter
20052546,Hunter syndrome in an 11-year old girl on enzyme replacement therapy with idursulfase: brain magnetic resonance imaging features and evolution.,J Inherit Metab Dis.  2010,hunter
20081146,Hunter syndrome in an adult: beware of tracheal stenosis.,Anesth Analg.  2010,hunter
4632778,Hunter syndrome in girl.,N Engl J Med.  1973,hunter
1901828,Hunter syndrome in Jews in Israel: further evidence for prenatal selection favoring the Hunter allele.,Hum Genet.  1991,hunter
26897145,Hunter Syndrome in Northern India: Clinical features and Mutation Spectrum.,Indian Pediatr.  2016,hunter
16754210,Hunter syndrome (MPS II-B): a report of bilateral vitreous floaters and maculopathy.,Ophthalmic Genet.  2006,mps ii
22286622,Hunter syndrome (Muccopolysaccharridosis Type II) in Macedonia and Bulgaria.,Prilozi.  2011,hunter
2113673,Hunter syndrome (mucopolysaccharidosis II).,Pediatr Dermatol.  1990,hunter
24056375,"Hunter syndrome (Mucopolysaccharidosis type II), severe phenotype: long term follow-up on patients undergone to hematopoietic stem cell transplantation.",Minerva Pediatr.  2013,mucopolysaccharidosis type ii
146740,Hunter syndrome presenting as macrocephaly and hydrocephalus.,J Med Genet.  1977,hunter
25952974,Hunter syndrome with its typical heart: a close mimic to rheumatic heart.,BMJ Case Rep.  2015,hunter
25976201,Hunter syndrome with late age of presentation: clinical description of a case and review of the literature.,BMJ Case Rep.  2015,hunter
17370599,[Hunter syndrome with obstructive sleep apnea in patient who had received psychiatry treatment for insomnia and suicidal ideas].,Nihon Naika Gakkai Zasshi.  2007,hunter
15850258,Hunter syndrome.,Nurs Times.  2005,hunter
10769500,Hunter syndrome.,JBR-BTR.  2000,hunter
10951649,Hunter syndrome.,Indian Pediatr.  2000,hunter
11031993,[Hunter syndrome].,Ryoikibetsu Shokogun Shirizu.  2000,hunter
16918195,Hunter syndrome: case report and review of literature.,West Afr J Med.  2006,hunter
8449383,"Hunter syndrome: cloning of the gene, mutations and carrier detection.",Dev Med Child Neurol.  1993,hunter
8318991,Hunter syndrome: gene deletions and rearrangements.,Hum Mutat.  1993,hunter
2122463,Hunter syndrome: isolation of an iduronate-2-sulfatase cDNA clone and analysis of patient DNA.,Proc Natl Acad Sci U S A.  1990,hunter
3080875,Hunter syndrome: prenatal diagnosis in maternal serum.,Am J Hum Genet.  1986,hunter
3104200,Hunter syndrome: presence of material cross-reacting with antibodies against iduronate sulfatase.,Hum Genet.  1987,hunter
21995841,Hunter syndrome: resolution of extensive typical skin lesions after 9 months of enzyme replacement therapy with idursulfase.,Pediatr Dermatol.  2012,hunter
18339189,Hunter syndrome: to treat or not to treat.,Acta Paediatr.  2008,hunter
21055381,[Hunter's syndrome and hearing impairment].,Ugeskr Laeger.  2010,hunter's
26897141,Hunting for Mutations in Indian Patients with Hunter Syndrome.,Indian Pediatr.  2016,hunter
6801919,Hydrocephalus in Hunter Syndrome.,Acta Paediatr Belg.  1981,hunter
21291454,Identification of 11 novel mutations in 49 Korean patients with mucopolysaccharidosis type II.,Clin Genet.  2012,mucopolysaccharidosis type ii
10220152,Identification of 6 new mutations in the iduronate sulfatase gene. Mutation in brief no. 233. Online.,Hum Mutat.  1999,iduronate
10671065,Identification of 9 novel IDS gene mutations in 19 unrelated Hunter syndrome (mucopolysaccharidosis Type II) patients. Mutations in brief no. 202. Online.,Hum Mutat.  1998,mucopolysaccharidosis type ii
19933090,[Identification of a novel mutation of IDS gene from a Chinese pedigree with MPS II].,Yi Chuan.  2009,mps ii
8530090,Identification of an alternative transcript from the human iduronate-2-sulfatase (IDS) gene.,Genomics.  1995,iduronate
8807335,IDS gene-pseudogene exchange responsible for an intragenic deletion in a Hunter patient.,Hum Mutat.  1996,hunter
821034,"Iduronate sulfatase activity in serum, lymphocytes, and fibroblasts--simplified diagnosis of the Hunter syndrome.",Pediatr Res.  1976,hunter
106723,Iduronate sulfatase analysis of hair roots for identification of Hunter syndrome heterozygotes.,Am J Hum Genet.  1978,hunter
820168,Iduronate sulfatase determination for the diagnosis of the Hunter syndrome and the detection of the carrier state.,Adv Exp Med Biol.  1976,hunter
402458,Iduronate sulfatase in amniotic fluid: an aid in the prenatal diagnosis of the hunter syndrome.,J Pediatr.  1977,hunter
8281149,Iduronate-2-sulfatase gene mutations in 16 patients with mucopolysaccharidosis type II (Hunter syndrome).,Hum Mol Genet.  1993,mucopolysaccharidosis type ii
14728992,Iduronate-2-sulphatase protein detection in plasma from mucopolysaccharidosis type II patients.,Mol Genet Metab.  2004,mucopolysaccharidosis type ii
23726270,Idursulfase enzyme replacement therapy in an adult patient with severe Hunter syndrome having a novel mutation of iduronate-2-sulfatase gene.,Clin Chim Acta.  2013,hunter
18201153,Idursulfase for the treatment of mucopolysaccharidosis II.,Expert Opin Pharmacother.  2008,idursulfase
18174963,Idursulfase in Hunter syndrome treatment.,Drugs Today (Barc).  2007,hunter
21233716,Idursulfase treatment of Hunter syndrome in children younger than 6 years: results from the Hunter Outcome Survey.,Genet Med.  2011,hunter
22353301,Idursulfatase therapy in mucopolysaccharidosis type II: after 2.5 years of treatment--no benefit for older patients with multisystem involvement.,Pediatr Neurol.  2012,mucopolysaccharidosis type ii
23621439,IgE-mediated anaphylaxis and allergic reactions to idursulfase in patients with Hunter syndrome.,Allergy.  2013,hunter
20534487,Imaging of enzyme replacement therapy using PET.,Proc Natl Acad Sci U S A.  2010,enzyme replacement
25902842,Immunogenicity of idursulfase and clinical outcomes in very young patients (16 months to 7.5 years) with mucopolysaccharidosis II (Hunter syndrome).,Orphanet J Rare Dis.  2015,hunter
25061571,Impact of Enzyme Replacement Therapy and Hematopoietic Stem Cell Therapy on Growth in Patients with Hunter Syndrome.,Mol Genet Metab Rep.  2014,hunter
24550654,Impact of enzyme replacement therapy on linear growth in Korean patients with mucopolysaccharidosis type II (Hunter syndrome).,J Korean Med Sci.  2014,mucopolysaccharidosis type ii
19690584,Impairment of glycosaminoglycan synthesis in mucopolysaccharidosis type IIIA cells by using siRNA: a potential therapeutic approach for Sanfilippo disease.,Eur J Hum Genet.  2010,mucopolysaccharidosis type ii
21045710,Importance of surgical history in diagnosing mucopolysaccharidosis type II (Hunter syndrome): data from the Hunter Outcome Survey.,Genet Med.  2010,mucopolysaccharidosis type ii
21834048,Improvement in the range of joint motion in seven patients with mucopolysaccharidosis type II during experimental gene expression-targeted isoflavone therapy (GET IT).,Am J Med Genet A.  2011,mucopolysaccharidosis type ii
24836711,Improvement of cardiac function by short-term enzyme replacement therapy in a murine model of cardiomyopathy associated with Hunter syndrome evaluated by serial echocardiography with speckle tracking 2-D strain analysis.,Mol Genet Metab.  2014,hunter
23529876,Improvement of CNS defects via continuous intrathecal enzyme replacement by osmotic pump in mucopolysaccharidosis type II mice.,Am J Med Genet A.  2013,mucopolysaccharidosis type ii
9274721,In vitro correction of iduronate-2-sulfatase deficiency by adenovirus-mediated gene transfer.,Gene Ther.  1997,iduronate
21439875,Incidence and timing of infusion-related reactions in patients with mucopolysaccharidosis type II (Hunter syndrome) on idursulfase therapy in the real-world setting: a perspective from the Hunter Outcome Survey (HOS).,Mol Genet Metab.  2011,mucopolysaccharidosis type ii
126383,Increased breakdown of glycosaminoglycans and appearance of corrective enzyme after skin transplants in Hunter syndrome.,Nature.  1975,hunter
24238892,"Increased incidence of neonatal respiratory distress in infants with mucopolysaccharidosis type II (MPS II, Hunter syndrome).",Mol Genet Metab.  2014,mucopolysaccharidosis type ii
4959673,Inguinal hernia in the Hurler-Hunter syndrome.,Surgery.  1967,hunter
18580692,Initial report from the Hunter Outcome Survey.,Genet Med.  2008,hunter
1550586,Intermediate form of mucopolysaccharidosis type II (Hunter disease): a C1327 to T substitution in the iduronate sulfatase gene.,Biochem Biophys Res Commun.  1992,mucopolysaccharidosis type ii
20852854,Intracranial findings of Hunter syndrome.,Pediatr Radiol.  2010,hunter
7633410,Inversion of the IDS gene resulting from recombination with IDS-related sequences is a common cause of the Hunter syndrome.,Hum Mol Genet.  1995,hunter
7826102,"Ivory-colored papules in a young boy. Mucopolysaccharidosis type II-B (Hunter's syndrome, mild).",Arch Dermatol.  1995,mucopolysaccharidosis type ii
19773189,"Japan Elaprase Treatment (JET) study: idursulfase enzyme replacement therapy in adult patients with attenuated Hunter syndrome (Mucopolysaccharidosis II, MPS II).",Mol Genet Metab.  2010,mps ii
4213222,Letter: Question raised regarding diagnosis of Hunter syndrome.,Pediatrics.  1974,hunter
16763916,Limitations of enzyme replacement therapy: current and future.,J Inherit Metab Dis.  2006,enzyme replacement
2878868,Localisation of the gene for Hunter syndrome on the long arm of X chromosome.,Hum Genet.  1986,hunter
23022072,Long-term efficacy of hematopoietic stem cell transplantation on brain involvement in patients with mucopolysaccharidosis type II: a nationwide survey in Japan.,Mol Genet Metab.  2012,mucopolysaccharidosis type ii
21528770,Long-term enzyme replacement therapy in a severe case of mucopolysaccharidosis type II (Hunter syndrome).,Eur Rev Med Pharmacol Sci.  2011,mucopolysaccharidosis type ii
24596019,Long-term experience with enzyme replacement therapy (ERT) in MPS II patients with a severe phenotype: an international case series.,J Inherit Metab Dis.  2014,mps ii
10399096,Long-term follow-up following bone marrow transplantation for Hunter disease.,J Inherit Metab Dis.  1999,hunter
21150784,"Long-term, open-labeled extension study of idursulfase in the treatment of Hunter syndrome.",Genet Med.  2011,hunter
23625223,Low-scale expression and purification of an active putative iduronate 2-sulfate sulfatase-Like enzyme from Escherichia coli K12.,J Microbiol.  2013,iduronate
117962,Lumbar kyphosis in Hunter's disease (MPS ii).,Clin Genet.  1979,hunter's
18339191,Magnetic resonance imaging findings in Hunter syndrome.,Acta Paediatr.  2008,hunter
8893643,"Magnetic resonance imaging of the brain, neck and cervical spine in mild Hunter's syndrome (mucopolysaccharidoses type II).",Clin Radiol.  1996,hunter's
20040319,Management of infusion-related reactions to enzyme replacement therapy in a cohort of patients with mucopolysaccharidosis disorders.,Int J Clin Pharmacol Ther.  2009,enzyme replacement
26768041,Management of the behavioural manifestations of Hunter syndrome.,Br J Nurs.  2016,hunter
23404265,Massive accumulation of glycosaminoglycans in the aortic valve of a patient with Hunter syndrome during enzyme replacement therapy.,Pediatr Cardiol.  2013,hunter
8265633,Metabolic correction and cross-correction of mucopolysaccharidosis type II (Hunter syndrome) by retroviral-mediated gene transfer and expression of human iduronate-2-sulfatase.,Proc Natl Acad Sci U S A.  1993,mucopolysaccharidosis type ii
140775,Mild and severe Hunter syndrome (MPS II) within the same sibships.,Clin Genet.  1977,mps ii
4275601,"Mild form of the Hunter syndrome, indentity of the biochemical defect with the severe type.",Helv Paediatr Acta.  1974,hunter
115348,[Mitral echocardiography in hunter syndrome (author's transl)].,An Esp Pediatr.  1979,hunter
19233767,Mitral valve replacement and Hunter syndrome: case report.,Heart Surg Forum.  2009,hunter
8103756,Molecular analysis in patients with mucopolysaccharidosis type II suggests that DXS466 maps within the Hunter gene.,Hum Genet.  1993,mucopolysaccharidosis type ii
17616540,Molecular analysis in two siblings African patients with severe form of Hunter Syndrome: identification of a novel (p.Y54X) nonsense mutation.,J Trop Pediatr.  2007,hunter
11462244,Molecular analysis of 40 Italian patients with mucopolysaccharidosis type II: New mutations in the iduronate-2-sulfatase (IDS) gene.,Hum Mutat.  2001,mucopolysaccharidosis type ii
19573456,[Molecular analysis of IDS gene and prenatal diagnosis in a Chinese family with mucopolysaccharidosis type II].,Zhonghua Er Ke Za Zhi.  2009,mucopolysaccharidosis type ii
21605424,Molecular analysis of iduronate -2- sulfatase gene in Tunisian patients with mucopolysaccharidosis type II.,Diagn Pathol.  2011,mucopolysaccharidosis type ii
1303177,Molecular analysis of patients with Hunter syndrome: implication of a region prone to structural alterations within the IDS gene.,Hum Mol Genet.  1992,hunter
18500569,Molecular analysis of the iduronate-2-sulfatase gene in Thai patients with Hunter syndrome.,J Inherit Metab Dis.  2008,hunter
9147653,Molecular and phenotypic variation in patients with severe Hunter syndrome.,Hum Mol Genet.  1997,hunter
9950361,Molecular basis of iduronate-2-sulphatase gene mutations in patients with mucopolysaccharidosis type II (Hunter syndrome).,J Med Genet.  1999,mucopolysaccharidosis type ii
11683780,Molecular basis of mucopolysaccharidosis type II in Portugal: identification of four novel mutations.,Clin Genet.  2001,mucopolysaccharidosis type ii
8111411,Molecular basis of mucopolysaccharidosis type II: mutations in the iduronate-2-sulphatase gene.,Hum Mutat.  1993,mucopolysaccharidosis type ii
17063374,Molecular characterization of Portuguese patients with mucopolysaccharidosis type II shows evidence that the IDS gene is prone to splicing mutations.,J Inherit Metab Dis.  2006,mucopolysaccharidosis type ii
27246110,"Molecular diagnosis of 65 families with mucopolysaccharidosis type II (Hunter syndrome) characterized by 16 novel mutations in the IDS gene: Genetic, pathological, and structural studies on iduronate-2-sulfatase.",Mol Genet Metab.  2016,mucopolysaccharidosis type ii
7887413,Molecular diagnosis of mucopolysaccharidosis type II (Hunter syndrome) by automated sequencing and computer-assisted interpretation: toward mutation mapping of the iduronate-2-sulfatase gene.,Am J Hum Genet.  1995,mucopolysaccharidosis type ii
7492964,Molecular genetic characterization and prenatal diagnosis in a family with Hunter disease.,Biochem Mol Biol Int.  1995,hunter
18331837,Molecular investigations of a novel iduronate-2-sulfatase mutant in a Chinese patient.,Clin Chim Acta.  2008,iduronate
26592960,Monitoring of dipeptidyl peptidase-IV (DPP-IV) activity in patients with mucopolysaccharidoses types I and II on enzyme replacement therapy - Results of a pilot study.,Clin Biochem.  2016,enzyme replacement
2114352,More precise localization of the gene for Hunter syndrome.,Genomics.  1990,hunter
132078,Morphological and biochemical studies of a case of mucopolysaccharidosis II (Hunter's syndrome).,Acta Pathol Jpn.  1976,hunter's
228523,Morphological observations in the nervous system of prenatal mucopolysaccharidosis II (M. Hunter).,Acta Neuropathol.  1979,hunter
19597960,Mortality and cause of death in mucopolysaccharidosis type II-a historical review based on data from the Hunter Outcome Survey (HOS).,J Inherit Metab Dis.  2009,mucopolysaccharidosis type ii
11015461,MPS II in females: molecular basis of two different cases.,J Med Genet.  2000,mps ii
24190099,MPS II: adaptive behavior of patients and impact on the family system.,J Genet Couns.  2014,mps ii
21931511,Mucopolysaccharidoses in northern Brazil: Targeted mutation screening and urinary glycosaminoglycan excretion in patients undergoing enzyme replacement therapy.,Genet Mol Biol.  2011,enzyme replacement
3938586,[Mucopolysaccharidosis II (Hunter syndrome) and III (Sanfilippo syndrome) as a cause of emaciation initially related to neglect].,Z Rechtsmed.  1985,hunter
8685031,[Mucopolysaccharidosis II (Hunter syndrome): identification of the carrier state of the disease by means of mutation analysis].,Pediatr Med Chir.  1996,hunter
23801937,Mucopolysaccharidosis Type II and the G374sp Mutation.,Mol Syndromol.  2013,mucopolysaccharidosis type ii
8370574,Mucopolysaccharidosis type II (Hunter disease): 13 gene mutations in 52 Japanese patients and carrier detection in four families.,Hum Genet.  1993,mucopolysaccharidosis type ii
7581397,Mucopolysaccharidosis type II (Hunter disease): identification and characterization of eight point mutations in the iduronate-2-sulfatase gene in Japanese patients.,Hum Mutat.  1995,mucopolysaccharidosis type ii
9645102,[Mucopolysaccharidosis type II (Hunter syndrome)].,Ryoikibetsu Shokogun Shirizu.  1998,mucopolysaccharidosis type ii
18038146,Mucopolysaccharidosis type II (Hunter syndrome): a clinical review and recommendations for treatment in the era of enzyme replacement therapy.,Eur J Pediatr.  2008,mucopolysaccharidosis type ii
8051941,Mucopolysaccharidosis type II (Hunter syndrome): characterization of the iduronate-2-sulphatase in MPS II skin fibroblasts.,J Inherit Metab Dis.  1994,mucopolysaccharidosis type ii
21235446,Mucopolysaccharidosis Type II (Hunter Syndrome): clinical picture and treatment.,Curr Pharm Biotechnol.  2011,mucopolysaccharidosis type ii
8940265,"Mucopolysaccharidosis type II (Hunter syndrome): mutation hot spots"" in the iduronate-2-sulfatase gene.""",Am J Hum Genet.  1996,mucopolysaccharidosis type ii
9549269,Mucopolysaccharidosis type II (Hunter's syndrome) in Taiwan.,J Formos Med Assoc.  1998,mucopolysaccharidosis type ii
4209410,[Mucopolysaccharidosis type II (Hurler-Hunter) in siblings. Electron microscopic study].,Sb Ved Pr Lek Fak Karlovy Univerzity Hradci Kralove.  1972,mucopolysaccharidosis type ii
23232253,Mucopolysaccharidosis type II in a female carrying a heterozygous stop mutation of the iduronate-2-sulfatase gene and showing a skewed X chromosome inactivation.,Eur J Med Genet.  2013,mucopolysaccharidosis type ii
25044788,Mucopolysaccharidosis type II in a female patient with a reciprocal X;9 translocation and skewed X chromosome inactivation.,Am J Med Genet A.  2014,mucopolysaccharidosis type ii
22246721,Mucopolysaccharidosis type II in females and response to enzyme replacement therapy.,Am J Med Genet A.  2012,mucopolysaccharidosis type ii
15797184,Mucopolysaccharidosis type II in females: case report and review of literature.,Pediatr Neurol.  2005,mucopolysaccharidosis type ii
24908534,Mucopolysaccharidosis type II with inguinal hernia.,J Nepal Health Res Counc.  2013,mucopolysaccharidosis type ii
25345092,"Mucopolysaccharidosis type II, Hunter's syndrome.",Pediatr Endocrinol Rev.  2014,mucopolysaccharidosis type ii
12572848,Mucopolysaccharidosis type II--genotype/phenotype aspects.,Acta Paediatr Suppl.  2002,mucopolysaccharidosis type ii
27178643,"Mucopolysaccharidosis Type II-An Unexpected 3 in 1"" Family.""",Pediatr Neonatol.  2016,mucopolysaccharidosis type ii
20301451,Mucopolysaccharidosis Type II.,GeneReviews<sup>®</sup>.  1993,mucopolysaccharidosis type ii
17391447,Mucopolysaccharidosis type II: an update on mutation spectrum.,Acta Paediatr.  2007,mucopolysaccharidosis type ii
22059643,Mucopolysaccharidosis type II: European recommendations for the diagnosis and multidisciplinary management of a rare disease.,Orphanet J Rare Dis.  2011,mucopolysaccharidosis type ii
24125893,Mucopolysaccharidosis type II: identification of 30 novel mutations among Latin American patients.,Mol Genet Metab.  2014,mucopolysaccharidosis type ii
9222763,Mucopolysaccharidosis type II: identification of six novel mutations in Italian patients.,Hum Mutat.  1997,mucopolysaccharidosis type ii
20354449,Mucopolysaccharidosis type II: skeletal-muscle system involvement.,J Pediatr Orthop B.  2010,mucopolysaccharidosis type ii
19901005,Multidisciplinary management of Hunter syndrome.,Pediatrics.  2009,hunter
6816283,Multiple forms of iduronate 2-sulphate sulphatase in human tissues and body fluids.,Biochim Biophys Acta.  1982,iduronate
4280298,Multiple peripheral nerve entrapments. An unusual phenotypical variant of the Hunter syndrome (mucopolysaccharidosis II) in a family.,Arch Neurol.  1974,hunter
24201805,Murine neural stem cells model Hunter disease in vitro: glial cell-mediated neurodegeneration as a possible mechanism involved.,Cell Death Dis.  2013,hunter
21791837,Musculoskeletal health in Hunter disease (MPS II): ERT improves functional outcomes.,J Pediatr Rehabil Med.  2010,mps ii
9875019,Mutation analysis in 57 unrelated patients with MPS II (Hunter's disease).,Arch Dis Child.  1998,hunter's
8685029,[Mutation analysis in Hunter patients].,Pediatr Med Chir.  1996,hunter
9501270,Mutation analysis in the iduronate-2-sulphatase gene in 43 Japanese patients with mucopolysaccharidosis type II (Hunter disease).,J Inherit Metab Dis.  1998,mucopolysaccharidosis type ii
10447264,Mutation analysis of iduronate-2-sulphatase gene in 24 patients with Hunter syndrome: characterisation of 6 novel mutations. Mutation in brief no. 249. Online.,Hum Mutat.  1999,hunter
25169630,[Mutation analysis of mucopolysaccharidosis type II and prenatal diagnosis].,Zhonghua Fu Chan Ke Za Zhi.  2014,mucopolysaccharidosis type ii
1303211,Mutation analysis of the iduronate-2-sulfatase gene in patients with mucopolysaccharidosis type II (Hunter syndrome).,Hum Mol Genet.  1992,mucopolysaccharidosis type ii
1284597,Mutation R468W of the iduronate-2-sulfatase gene in mild Hunter syndrome (mucopolysaccharidosis type II) confirmed by in vitro mutagenesis and expression.,Hum Mol Genet.  1992,mucopolysaccharidosis type ii
16133661,Mutational and structural analysis of Japanese patients with mucopolysaccharidosis type II.,J Hum Genet.  2005,mucopolysaccharidosis type ii
12655569,Mutational spectrum of the iduronate 2 sulfatase gene in 25 unrelated Korean Hunter syndrome patients: identification of 13 novel mutations.,Hum Mutat.  2003,hunter
9921913,Mutational spectrum of the iduronate-2-sulfatase (IDS) gene in 36 unrelated Russian MPS II patients.,Hum Genet.  1998,mps ii
8566953,Mutations in the iduronate-2-sulfatase gene in five Norwegians with Hunter syndrome.,Hum Genet.  1996,hunter
7728156,Mutations of the iduronate-2-sulfatase gene in 12 Polish patients with mucopolysaccharidosis type II (Hunter syndrome).,Hum Mutat.  1995,mucopolysaccharidosis type ii
7599640,Mutations of the iduronate-2-sulfatase gene on a T146T background in three patients with Hunter syndrome.,Hum Mutat.  1995,hunter
7981716,Mutations of the iduronate-2-sulfatase (IDS) gene in patients with Hunter syndrome (mucopolysaccharidosis II).,Hum Mutat.  1994,hunter
6769383,Myelopathy in mucopolysaccharidosis type II (Hunter syndrome).,Ann Neurol.  1980,mucopolysaccharidosis type ii
17714129,Natural history of extensive Mongolian spots in mucopolysaccharidosis type II (Hunter syndrome): a survey among 52 Japanese patients.,J Eur Acad Dermatol Venereol.  2007,mucopolysaccharidosis type ii
21518713,Natural progression of neurological disease in mucopolysaccharidosis type II.,Pediatrics.  2011,mucopolysaccharidosis type ii
25622168,[Necrotizing pneumonia associated with influenza A H1N1 infection in a child with mucopolysaccharidosis type II. Case report].,Arch Argent Pediatr.  2015,mucopolysaccharidosis type ii
21424671,Neonatal pulmonary interstitial glycogenosis in a patient with Hunter syndrome.,Eur J Pediatr.  2011,hunter
18618289,Neurological findings in Hunter disease: pathology and possible therapeutic effects reviewed.,J Inherit Metab Dis.  2008,hunter
24272678,Newborn screening for hunter disease: a small-scale feasibility study.,JIMD Rep.  2014,hunter
22414067,Non-convulsive status epilepticus of frontal origin in mucopolysaccharidosis type II successfully treated with ethosuximide.,Dev Med Child Neurol.  2012,mucopolysaccharidosis type ii
12572851,Non-viral transfer approaches for the gene therapy of mucopolysaccharidosis type II (Hunter syndrome).,Acta Paediatr Suppl.  2002,mucopolysaccharidosis type ii
7492967,Novel use of limited primer extension in detecting mutations in human iduronate 2-sulfatase gene.,Biochem Mol Biol Int.  1995,iduronate
4225692,Ocular histopathology in Hunter's syndrome. Systemic mucopolysaccharidosis type II.,Arch Ophthalmol.  1967,mucopolysaccharidosis type ii
3937084,"Ocular histopathology of systemic mucopolysaccharidosis, type II-A (Hunter syndrome, severe).",Ophthalmology.  1985,hunter
23370478,Optic canal narrowing in Hunter syndrome (mucopolysaccharidosis II).,AJNR Am J Neuroradiol.  2013,hunter
21808707,Orthopedic manifestations in patients with mucopolysaccharidosis type II (Hunter syndrome) enrolled in the Hunter Outcome Survey.,Orthop Rev (Pavia).  2010,mucopolysaccharidosis type ii
26527960,Osteoarthropathy in mucopolysaccharidosis type II.,Clujul Med.  2013,mucopolysaccharidosis type ii
18212495,Otologic manifestations of Hunter syndrome and their relationship with speech development.,Audiol Neurootol.  2008,hunter
27251652,Oxidative and nitrative stress and pro-inflammatory cytokines in Mucopolysaccharidosis type II patients: effect of long-term enzyme replacement therapy and relation with glycosaminoglycan accumulation.,Biochim Biophys Acta.  2016,mucopolysaccharidosis type ii
21420339,Oxidative stress in patients with mucopolysaccharidosis type II before and during enzyme replacement therapy.,Mol Genet Metab.  2011,mucopolysaccharidosis type ii
23691848,Parental experience of enzyme replacement therapy for Hunter syndrome.,Ir Med J.  2013,hunter
27014570,Patient's weight can decide about spending millions on enzyme replacement therapy in MPS II.,Mol Genet Metab Rep.  2016,mps ii
187158,Peripheral nerve involvement in Hunter syndrome (mucopolysaccharidosis II).,Arch Neurol.  1976,hunter
25836678,Pharmacokinetics and bioavailability of a therapeutic enzyme (idursulfase) in cynomolgus monkeys after intrathecal and intravenous administration.,PLoS One.  2015,idursulfase
23497636,Phase I/II clinical trial of enzyme replacement therapy with idursulfase beta in patients with mucopolysaccharidosis II (Hunter syndrome).,Orphanet J Rare Dis.  2013,hunter
10632258,Picture of the month. Hunter syndrome (mucopolysaccharidosis IIA).,Arch Pediatr Adolesc Med.  2000,hunter
3135530,Pink rings lymphocyte: a new cytologic abnormality characteristic of mucopolysaccharidosis type II (Hunter disease),Pediatrics.  1988,mucopolysaccharidosis type ii
21427013,Placenta analysis of prenatally diagnosed patients reveals early GAG storage in mucopolysaccharidoses II and VI.,Mol Genet Metab.  2011,gag
23430900,Plasmatic and Urinary Glycosaminoglycans Characterization in Mucopolysaccharidosis II Patient Treated with Enzyme-Replacement Therapy with Idursulfase.,JIMD Rep.  2012,idursulfase
23512580,Plasmatic kinetics of dermatan sulfate during enzyme replacement therapy with iduronate-2-sulfatase in a mucopolysaccharidosis II patient.,Glycoconj J.  2013,iduronate
17217652,[Postnatal and prenatal diagnosis of mucopolysaccharidosis type II (Hunter syndrome)].,Zhonghua Er Ke Za Zhi.  2006,mucopolysaccharidosis type ii
17459751,Preclinical dose ranging studies for enzyme replacement therapy with idursulfase in a knock-out mouse model of MPS II.,Mol Genet Metab.  2007,mps ii
8835216,Preclinical studies of lymphocyte gene therapy for mild Hunter syndrome (mucopolysaccharidosis type II).,Hum Gene Ther.  1996,mucopolysaccharidosis type ii
7845883,"Prenatal diagnosis and carrier detection in mucopolysaccharidosis type II by mutation analysis. A 47,XXY male heterozygous for a missense point mutation.",Prenat Diagn.  1994,mucopolysaccharidosis type ii
17515300,Prenatal diagnosis and genetic counseling of mucopolysaccharidosis type II (Hunter syndrome).,Genet Couns.  2007,mucopolysaccharidosis type ii
8576624,[Prenatal diagnosis of Hunter syndrome in a carrier and her twin sisters].,Nihon Sanka Fujinka Gakkai Zasshi.  1996,hunter
3088561,Prenatal diagnosis of Hunter syndrome using chorionic villi.,Prenat Diagn.  1986,hunter
3125535,Prenatal diagnosis of Hunter syndrome using fetal plasma.,Prenat Diagn.  1988,hunter
6431402,Prenatal diagnosis of Hunter syndrome.,Prenat Diagn.  1984,hunter
2111903,[Prenatal diagnosis of Hunter's disease].,Orv Hetil.  1990,hunter's
21983729,[Prenatal diagnosis of mucopolysaccharidosis type II].,Zhonghua Yi Xue Yi Chuan Xue Za Zhi.  2011,mucopolysaccharidosis type ii
12424767,Prenatal diagnosis of the Hunter syndrome and the introduction of a new fluorimetric enzyme assay.,Prenat Diagn.  2002,hunter
153809,Prenatal monitoring for the Hunter syndrome: the heterozygous female fetus.,Clin Genet.  1979,hunter
8528670,Presence of an IDS-related locus (IDS2) in Xq28 complicates the mutational analysis of Hunter syndrome.,Eur J Hum Genet.  1995,hunter
21529823,Prevalence and characterization of cardiac involvement in Hunter syndrome.,J Pediatr.  2011,hunter
21706504,"Preventing mucopolysaccharidosis type II (Hunter syndrome): PGD and establishing a Hunter (46, XX) stem cell line.",Prenat Diagn.  2011,mucopolysaccharidosis type ii
16022372,[Production of polyclonal antibodies to protein iduronate-2-sulphate sulphatase (IDS) and development of a detection system for human recombinant IDS].,Biomedica.  2005,iduronate
19371276,Psychological status of patients with mucopolysaccharidosis type II and their parents.,Pediatr Int.  2009,mucopolysaccharidosis type ii
20886296,Quantitative in vivo brain magnetic resonance spectroscopic monitoring of neurological involvement in mucopolysaccharidosis type II (Hunter Syndrome).,J Inherit Metab Dis.  2010,mucopolysaccharidosis type ii
20083787,Radiology quiz case 1. Tracheobronchitis and tracheal stenosis secondary to Hunter syndrome.,Arch Otolaryngol Head Neck Surg.  2010,hunter
21708141,"Rapid, single-step assay for Hunter syndrome in dried blood spots using digital microfluidics.",Clin Chim Acta.  2011,hunter
9719370,Reassessment of biochemically determined Hunter syndrome carrier status by DNA testing.,J Med Genet.  1998,hunter
18245410,Recognition and diagnosis of mucopolysaccharidosis II (Hunter syndrome).,Pediatrics.  2008,hunter
8424762,Recombinant human iduronate-2-sulphatase: correction of mucopolysaccharidosis-type II fibroblasts and characterization of the purified enzyme.,Biochem J.  1993,iduronate
15966019,Reduction of GAG storage in MPS II mouse model following implantation of encapsulated recombinant myoblasts.,J Gene Med.  2005,mps ii
6225723,Reliability of the use of fructose 1-phosphate to detect Hunter cells in fibroblast-cultures of obligate carriers of the Hunter syndrome.,Hum Genet.  1983,hunter
23430907,Report of a Large Brazilian Family With a Very Attenuated Form of Hunter Syndrome (MPS II).,JIMD Rep.  2012,mps ii
22077147,"Restricted joint range of motion in patients with MPS II: correlation with height, age and functional status.",Acta Paediatr.  2012,mps ii
19588268,Retinitis pigmentosa and mucopolysaccharidosis type II: an extremely attenuated phenotype.,J Inherit Metab Dis.  2009,mucopolysaccharidosis type ii
22105882,Retrospective analysis of the clinical manifestations and survival of Korean patients with mucopolysaccharidosis type II: emphasis on the cardiovascular complication and mortality cases.,Am J Med Genet A.  2012,mucopolysaccharidosis type ii
10220258,"Retroviral transduction and expansion of peripheral blood lymphocytes for the treatment of mucopolysaccharidosis type II, Hunter's syndrome.",Transfusion.  1999,mucopolysaccharidosis type ii
8800749,Retroviral-mediated transfer of the iduronate-2-sulfatase gene into lymphocytes for treatment of mild Hunter syndrome (mucopolysaccharidosis type II).,Hum Gene Ther.  1996,mucopolysaccharidosis type ii
19707363,Review of the use of idursulfase in the treatment of mucopolysaccharidosis II.,Biologics.  2008,idursulfase
25219292,Safety and efficacy of enzyme replacement therapy with idursulfase beta in children aged younger than 6 years with Hunter syndrome.,Mol Genet Metab.  2015,hunter
21628718,Safety evaluation of chronic intrathecal administration of idursulfase-IT in cynomolgus monkeys.,Toxicol Pathol.  2011,idursulfase
6423280,"Selective depolymerisation of dermatan sulfate: production of radiolabelled substrates for alpha-L-iduronidase, sulfoiduronate sulfatase, and beta-D-glucuronidase.",Carbohydr Res.  1983,iduronate
3150864,Selective IgA deficiency associated with Hunter syndrome.,Rev Hosp Clin Fac Med Sao Paulo.  1988,hunter
8244397,Sequence of the human iduronate 2-sulfatase (IDS) gene.,Genomics.  1993,iduronate
1843006,[Serum growth hormone levels in Hunter's syndrome].,Rev Hosp Clin Fac Med Sao Paulo.  1991,hunter's
3147155,Severe aortic stenosis in systemic lupus erythematosus and mucopolysaccharidosis type II (Hunter's syndrome).,Clin Cardiol.  1988,mucopolysaccharidosis type ii
1557778,[Severe complications following an adeno-tonsillectomy in a patient with Hunter's syndrome (MPS II)].,Tijdschr Kindergeneeskd.  1992,hunter's
22190500,"Severe Hunter syndrome (mucopolysaccharidosis II) phenotype secondary to large deletion in the X chromosome encompassing IDS, FMR1, and AFF2 (FMR2).",J Child Neurol.  2012,hunter
22492741,Severe phenotype in MPS II patients associated with a large deletion including contiguous genes.,Am J Med Genet A.  2012,mps ii
19356745,Short synthetic sequence for 2-sulfation of alpha-L-iduronate glycosides.,Carbohydr Res.  2009,iduronate
3149481,Skeletal muscle involvement in mucopolysaccharidosis type IIA: severe type of Hunter syndrome.,Pediatr Neurol.  1988,mucopolysaccharidosis type ii
10354174,Skin eruption as the presenting sign of Hunter syndrome IIB.,Clin Exp Dermatol.  1999,hunter
18489604,Skin rash with the histological absence of metachromatic granules as the presenting feature of Hunter syndrome in a 6-year-old boy.,Br J Dermatol.  2008,hunter
2128908,Strategy for constructing somatic hybrids isolating the two derivative chromosomes in X;autosome translocations. Application to a female patient t(X;5) with Hunter syndrome.,Ann Genet.  1990,hunter
1352274,Structural gene aberrations in mucopolysaccharidosis II (Hunter).,Hum Genet.  1992,hunter
22312944,Successful desensitization to idursulfase in a patient with type II mucopolysaccharidosis (Hunter syndrome).,J Investig Allergol Clin Immunol.  2011,hunter
2112082,Successful use of nasal-CPAP for obstructive sleep apnea in Hunter syndrome with diffuse airway involvement.,Chest.  1990,hunter
26604014,Successful use of spinal anesthesia for inguinal hernia repair in a child with Hunter syndrome with difficult airway.,J Clin Anesth.  2016,hunter
10657841,Sudden death in Hunter syndrome caused by complete atrioventricular block.,J Pediatr.  2000,hunter
10924271,"Supercharged Cells"" for delivery of recombinant human iduronate-2-sulfatase.""",Mol Genet Metab.  2000,iduronate
17082248,Tandem mass spectrometry for the direct assay of enzymes in dried blood spots: application to newborn screening for mucopolysaccharidosis II (Hunter disease).,Clin Chem.  2007,hunter
21192662,Tandem mass spectrometry for the direct assay of lysosomal enzymes in dried blood spots: application to screening newborns for mucopolysaccharidosis II (Hunter Syndrome).,Anal Chem.  2011,hunter
10500241,"The 2.1-, 5.4- and 5.7-kb transcripts of the IDS gene are generated by different polyadenylation signals.",Biochim Biophys Acta.  1999,ids gene
17876721,The characterization of a murine model of mucopolysaccharidosis II (Hunter syndrome).,J Inherit Metab Dis.  2007,hunter
1906048,The clinical phenotype of two patients with a complete deletion of the iduronate-2-sulphatase gene (mucopolysaccharidosis II--Hunter syndrome).,Hum Genet.  1991,hunter
4269173,The defect in the Hunter syndrome: deficiency of sulfoiduronate sulfatase.,Proc Natl Acad Sci U S A.  1973,hunter
12048688,[The detection of the frequent mutations of iduronate-2-sulphatase gene in mucopolysaccharidosis type II patients in Chinese].,Zhonghua Yi Xue Yi Chuan Xue Za Zhi.  2002,mucopolysaccharidosis type ii
11731225,The effect of four mutations on the expression of iduronate-2-sulfatase in mucopolysaccharidosis type II.,Biochim Biophys Acta.  2001,mucopolysaccharidosis type ii
23537841,The effect of idursulfase on growth in patients with Hunter syndrome: data from the Hunter Outcome Survey (HOS).,Mol Genet Metab.  2013,hunter
24454794,The effect of recombinant human iduronate-2-sulfatase (Idursulfase) on growth in young patients with mucopolysaccharidosis type II.,PLoS One.  2014,mucopolysaccharidosis type ii
4629273,The Hunter syndrome in a 46 XX girl.,N Engl J Med.  1973,hunter
409284,The Hunter syndrome in females: is there an autosomal recessive form of iduronate sulfatase deficiency?,Am J Hum Genet.  1977,hunter
22610466,The Hunter syndrome-functional outcomes for clinical understanding scale (HS-FOCUS) questionnaire: evaluation of measurement properties.,Qual Life Res.  2013,hunter
24806354,The Hunter Syndrome-Functional Outcomes for Clinical Understanding Scale (HS-FOCUS) Questionnaire: item reduction and further validation.,Qual Life Res.  2014,hunter
825838,The Hunter syndrome.,Nurs Mirror Midwives J.  1976,hunter
1733863,The iduronate sulfatase gene: isolation of a 1.2-Mb YAC contig spanning the entire gene and identification of heterogeneous deletions in patients with Hunter syndrome.,Genomics.  1992,hunter
6422140,The iduronate sulphatase activities of cells and tissue fluids from patients with Hunter syndrome and normal controls.,J Inherit Metab Dis.  1983,hunter
23837440,The impact of Hunter syndrome (mucopolysaccharidosis type II) on health-related quality of life.,Orphanet J Rare Dis.  2013,mucopolysaccharidosis type ii
19273994,The management of children with Hunter syndrome - a case study.,Br J Nurs.  2009,hunter
26846156,The natural history of growth in patients with Hunter syndrome: Data from the Hunter Outcome Survey (HOS).,Mol Genet Metab.  2016,hunter
24519353,The NCS-LSD cohort study: a description of the methods and analyses used to assess the long-term effectiveness of enzyme replacement therapy and substrate reduction therapy in patients with lysosomal storage disorders.,J Inherit Metab Dis.  2014,enzyme replacement
6767763,The oral signs of Hurler-Hunter syndrome: report of four cases.,ASDC J Dent Child.  1980,hunter
21542835,The reliability of death certification in patients dying with mucopolysaccharidosis type II (Hunter syndrome).,Clin Genet.  2011,mucopolysaccharidosis type ii
22037758,The role of enzyme replacement therapy in severe Hunter syndrome-an expert panel consensus.,Eur J Pediatr.  2012,hunter
26588497,Thoracolumbar kyphoscoliosis with unilateral subluxation of the spine and postoperative lumbar spondylolisthesis in Hunter syndrome.,J Neurosurg Spine.  2016,hunter
23430829,Three Adult Siblings with Mucopolysaccharidosis Type II (Hunter Syndrome): A Report on Clinical Heterogeneity and 12 Months of Therapy with Idursulfase.,JIMD Rep.  2011,mucopolysaccharidosis type ii
21319059,Three-dimensional CT and histopathological findings of airway malacia in Hunter syndrome.,Tokai J Exp Clin Med.  2007,hunter
11870450,Tracheobronchial stent insertions in the management of major airway obstruction in a patient with Hunter syndrome (type-II mucopolysaccharidosis).,Eur Radiol.  2002,hunter
23726952,Tracheostomy in mucopolysaccharidosis type II (Hunter's Syndrome).,Int J Pediatr Otorhinolaryngol.  2013,mucopolysaccharidosis type ii
17328099,Treatment for Hunter syndrome approved.,FDA Consum.  2006,hunter
18062719,Treatment of lysosomal storage disorders : progress with enzyme replacement therapy.,Drugs.  2007,enzyme replacement
21327479,Treatment of mucopolysaccharidosis type II (Hunter syndrome) with idursulfase: the relevance of clinical trial end points.,J Inherit Metab Dis.  2011,mucopolysaccharidosis type ii
9244428,Two distinct deletions in the IDS gene and the gene W: a novel type of mutation associated with the Hunter syndrome.,Genomics.  1997,hunter
8829647,Two new nonsense mutations (Q80X; Q389X) in patients with severe Hunter syndrome (mucopolysaccharidosis type II.),Hum Mutat.  1996,mucopolysaccharidosis type ii
1491139,[Ultrasonic diagnosis of a hereditary multiple malformation syndrome: Meckel-Gruber syndrome or Carpenter-Hunter syndrome].,J Gynecol Obstet Biol Reprod (Paris).  1992,hunter
26479407,Ultrasound findings of carpal tunnel syndrome in a Hunter syndrome patient.,Muscle Nerve.  2016,hunter
26789420,Ultrasound findings of carpal tunnel syndrome in a hunter syndrome patient.,Muscle Nerve.  2016,hunter
4328387,Ultrastructural ocular pathology of Hunter's syndrome. Systemic mucopolysaccharidosis type II.,Arch Ophthalmol.  1971,mucopolysaccharidosis type ii
10828871,Unrelated umbilical cord blood transplantation in infancy for mucopolysaccharidosis type IIB (Hunter syndrome) complicated by autoimmune hemolytic anemia.,Bone Marrow Transplant.  2000,mucopolysaccharidosis type ii
17391444,Update on mucopolysaccharidosis type II.,Acta Paediatr.  2007,mucopolysaccharidosis type ii
3095256,Upper airway obstruction in Hunter syndrome.,Int J Pediatr Otorhinolaryngol.  1986,hunter
12393174,Uptake of recombinant iduronate-2-sulfatase into neuronal and glial cells in vitro.,Biochim Biophys Acta.  2002,iduronate
8665886,Use of a laryngeal mask airway in an adult patient with the Hunter syndrome.,Eur J Anaesthesiol.  1995,hunter
7518996,Use of G-CSF in a patient with Hunter syndrome receiving bone marrow transplantation.,Am J Hematol.  1994,hunter
3085183,Uveal effusion in Hunter's syndrome. Evidence that abnormal sclera is responsible for the uveal effusion syndrome.,Retina.  1986,hunter's
8747590,What syndrome is this? Hunter syndrome (mucopolysaccharidosis II).,Pediatr Dermatol.  1995,hunter
15575857,What syndrome is this? Hunter Syndrome.,Pediatr Dermatol.  2004,hunter
23844659,Whole-exome sequencing expands the phenotype of Hunter syndrome.,Clin Genet.  2014,hunter
26762690,Wide allelic heterogeneity with predominance of large IDS gene complex rearrangements in a sample of Mexican patients with Hunter syndrome.,Clin Genet.  2016,hunter
27187040,X-Chromosome Inactivation Analysis in Different Cell Types and Induced Pluripotent Stem Cells Elucidates the Disease Mechanism in a Rare Case of Mucopolysaccharidosis Type II in a Female.,Folia Biol (Praha).  2016,mucopolysaccharidosis type ii
409283,X-linked Hunter syndrome: the heterozygous phenotype in cell culture.,Am J Hum Genet.  1977,hunter
