20816782,17-AAG increases autophagic removal of mutant androgen receptor in spinal and bulbar muscular atrophy.,Neurobiol Dis.  2011,spinal and bulbar muscular atrophy
19066230,17-DMAG ameliorates polyglutamine-mediated motor neuron degeneration through well-preserved proteasome function in an SBMA model mouse.,Hum Mol Genet.  2009,sbma
26206601,"210th ENMC International Workshop: Research and clinical management of patients with spinal and bulbar muscular atrophy, 27-29 March, 2015, Naarden, The Netherlands.",Neuromuscul Disord.  2015,spinal and bulbar muscular atrophy
10598582,A C619Y mutation in the human androgen receptor causes inactivation and mislocalization of the receptor with concomitant sequestration of SRC-1 (steroid receptor coactivator 1),Mol Endocrinol.  1999,androgen receptor
26790333,[A Case of General Anesthesia in a Patient with Spinal and Bulbar Muscular Atrophy].,Masui.  2015,spinal and bulbar muscular atrophy
21940987,A case of spinal and bulbar muscular atrophy with high-stage and high-Gleason Score prostate cancer responded to maximal androgen blockade therapy.,J Androl.  2012,spinal and bulbar muscular atrophy
15924079,"[A clinical, neurophysiological and molecular study of 12 patients from 4 families with spinal and bulbar muscular atrophy].",Rev Neurol (Paris).  2005,spinal and bulbar muscular atrophy
18083810,A combination of sbmA and tolC mutations in Escherichia coli K-12 Tn10-carrying strains results in hypersusceptibility to tetracycline.,J Bacteriol.  2008,sbma
18586675,A common motif targets huntingtin and the androgen receptor to the proteasome.,J Biol Chem.  2008,androgen receptor
17997416,A comparison of the lengths of androgen receptor triplet repeats in brain and blood in motor neuron diseases.,J Neurol Sci.  2008,androgen receptor
6683750,"A family with adult spinal and bulbar muscular atrophy, X-linked inheritance and associated testicular failure.",J Neurol Sci.  1983,spinal and bulbar muscular atrophy
15851746,A family with early-onset and rapidly progressive X-linked spinal and bulbar muscular atrophy.,Neurology.  2005,spinal and bulbar muscular atrophy
25913211,A functional scale for spinal and bulbar muscular atrophy: Cross-sectional and longitudinal study.,Neuromuscul Disord.  2015,spinal and bulbar muscular atrophy
18399670,A highly stable nonbiofouling surface with well-packed grafted zwitterionic polysulfobetaine for plasma protein repulsion.,Langmuir.  2008,zwitterionic
12189162,A mouse model of spinal and bulbar muscular atrophy.,Hum Mol Genet.  2002,spinal and bulbar muscular atrophy
8411722,[A novel primer extension method to detect the number of CAG repeats in the androgen receptor gene in families with X-linked spinal and bulbar muscular atrophy].,Nihon Rinsho.  1993,spinal and bulbar muscular atrophy
1734865,A novel primer extension method to detect the number of CAG repeats in the androgen receptor gene in families with X-linked spinal and bulbar muscular atrophy.,Biochem Biophys Res Commun.  1992,spinal and bulbar muscular atrophy
16753970,A phenotypic-genetic study of a group of Polish patients with spinal and bulbar muscular atrophy.,Amyotroph Lateral Scler.  2006,spinal and bulbar muscular atrophy
24600344,"A plural role for lipids in motor neuron diseases: energy, signaling and structure.",Front Cell Neurosci.  2014,motor neuron disease
8637265,A polymerase chain reaction-based test for spinal and bulbar muscular atrophy.,Mayo Clin Proc.  1996,spinal and bulbar muscular atrophy
26273686,A randomized controlled trial of exercise in spinal and bulbar muscular atrophy.,Ann Clin Transl Neurol.  2015,spinal and bulbar muscular atrophy
8393417,A Rhizobium meliloti homolog of the Escherichia coli peptide-antibiotic transport protein SbmA is essential for bacteroid development.,Genes Dev.  1993,sbma
23408598,A role for androgen reduction treatment in Kennedy disease?,Muscle Nerve.  2013,kennedy
14709594,A screen for drugs that protect against the cytotoxicity of polyglutamine-expanded androgen receptor.,Hum Mol Genet.  2004,androgen receptor
26962150,A small-molecule Nrf1 and Nrf2 activator mitigates polyglutamine toxicity in spinal and bulbar muscular atrophy.,Hum Mol Genet.  2016,spinal and bulbar muscular atrophy
1895014,A sporadic case of bulbospinal muscular atrophy of late onset.,J Med.  1991,spinal muscular atrophy
26490709,Aberrant Autophagic Response in The Muscle of A Knock-in Mouse Model of Spinal and Bulbar Muscular Atrophy.,Sci Rep.  2015,spinal and bulbar muscular atrophy
19237573,Aberrant E2F activation by polyglutamine expansion of androgen receptor in SBMA neurotoxicity.,Proc Natl Acad Sci U S A.  2009,sbma
7852512,Abnormal androgen receptor binding affinity in subjects with Kennedy's disease (spinal and bulbar muscular atrophy).,J Clin Endocrinol Metab.  1995,kennedy
19398709,Abnormal eye movements in Kennedy disease.,Neurology.  2009,kennedy
16400023,Abnormalities of germ cell maturation and sertoli cell cytoskeleton in androgen receptor 113 CAG knock-in mice reveal toxic effects of the mutant protein.,Am J Pathol.  2006,androgen receptor
21317158,Absence of disturbed axonal transport in spinal and bulbar muscular atrophy.,Hum Mol Genet.  2011,spinal and bulbar muscular atrophy
23222885,Activation of Hsp70 reduces neurotoxicity by promoting polyglutamine protein degradation.,Nat Chem Biol.  2013,polyglutamine protein
15978183,Age-dependent differences in androgen binding affinity in a family with spinal and bulbar muscular atrophy.,Neurol Res.  2005,spinal and bulbar muscular atrophy
16781019,Aggregation and proteasome: the case of elongated polyglutamine aggregation in spinal and bulbar muscular atrophy.,Neurobiol Aging.  2007,spinal and bulbar muscular atrophy
17470458,Akt blocks ligand binding and protects against expanded polyglutamine androgen receptor toxicity.,Hum Mol Genet.  2007,androgen receptor
19692580,Altered RNA splicing contributes to skeletal muscle pathology in Kennedy disease knock-in mice.,Dis Model Mech.  2009,kennedy
20826791,An interdomain interaction of the androgen receptor is required for its aggregation and toxicity in spinal and bulbar muscular atrophy.,J Biol Chem.  2010,spinal and bulbar muscular atrophy
23512333,An open trial of long-term testosterone suppression in spinal and bulbar muscular atrophy.,Muscle Nerve.  2013,spinal and bulbar muscular atrophy
23646030,Analysis of inconsistencies in terminology of spinal and bulbar muscular atrophy and its effect on retrieval of research.,J Med Libr Assoc.  2013,spinal and bulbar muscular atrophy
1469423,Analysis of the CAG repeat region of the androgen receptor gene in a kindred with X-linked spinal and bulbar muscular atrophy.,J Neurol Sci.  1992,spinal and bulbar muscular atrophy
25182772,Analysis of the conformation of the androgen receptor in spinal bulbar muscular atrophy by atomic force microscopy.,Methods Mol Biol.  2014,spinal bulbar muscular atrophy
11335100,Androgen induced cell death in SHSY5Y neuroblastoma cells expressing wild-type and spinal bulbar muscular atrophy mutant androgen receptors.,Biochim Biophys Acta.  2001,spinal bulbar muscular atrophy
1513460,Androgen receptor abnormality in X-linked spinal and bulbar muscular atrophy.,Neurology.  1992,spinal and bulbar muscular atrophy
18321505,Androgen receptor and Kennedy disease/spinal bulbar muscular atrophy.,Horm Behav.  2008,kennedy
15524101,[Androgen receptor and male infertility].,Harefuah.  2004,androgen receptor
18625411,Androgen receptor function in motor neuron survival and degeneration.,Phys Med Rehabil Clin N Am.  2008,androgen receptor
9432642,[Androgen receptor gene (CAG)n of spinal and bulbar muscular atrophy found in the normal child population in Hungary].,Orv Hetil.  1997,spinal and bulbar muscular atrophy
7702080,Androgen receptor gene (CAG)n repeat analysis in the differential diagnosis between Kennedy disease and other motoneuron disorders.,Am J Med Genet.  1995,kennedy
2062380,Androgen receptor gene mutations in X-linked spinal and bulbar muscular atrophy.,Nature.  1991,spinal and bulbar muscular atrophy
23618905,Androgen receptor inclusions acquire GRP78/BiP to ameliorate androgen-induced protein misfolding stress in embryonic stem cells.,Cell Death Dis.  2013,androgen receptor
17881894,Androgen receptor modulation: lessons learned from beyond the prostate.,Cancer Biol Ther.  2007,androgen receptor
1423334,Androgen receptor mutants that affect normal growth and development.,Cancer Surv.  1992,androgen receptor
7626493,Androgen receptor mutations.,J Steroid Biochem Mol Biol.  1995,androgen receptor
24424504,Androgen receptor phosphorylation: biological context and functional consequences.,Endocr Relat Cancer.  2014,androgen receptor
9829547,Androgen receptor transactivation domain and control of spermatogenesis.,Rev Reprod.  1998,androgen receptor
12205033,Androgen receptor with elongated polyglutamine tract forms aggregates that alter axonal trafficking and mitochondrial distribution in motor neuronal processes.,FASEB J.  2002,androgen receptor
9580659,Androgen receptor YAC transgenic mice carrying CAG 45 alleles show trinucleotide repeat instability.,Hum Mol Genet.  1998,androgen receptor
15003169,Androgen receptor YAC transgenic mice recapitulate SBMA motor neuronopathy and implicate VEGF164 in the motor neuron degeneration.,Neuron.  2004,sbma
26991422,Androgen receptor-related diseases: what do we know?,Andrology.  2016,androgen receptor
12968071,"Androgen receptors containing expanded polyglutamine tracts exhibit progressive toxicity when stably expressed in the neuroblastoma cell line, SH-SY 5Y.",Exp Biol Med (Maywood).  2003,androgen receptor
23629944,Androgen receptors in muscle fibers induce rapid loss of force but not mass: implications for spinal bulbar muscular atrophy.,Muscle Nerve.  2013,spinal bulbar muscular atrophy
23644820,Androgen-dependent impairment of myogenesis in spinal and bulbar muscular atrophy.,Acta Neuropathol.  2013,spinal and bulbar muscular atrophy
25929689,Androgen-dependent loss of muscle BDNF mRNA in two mouse models of SBMA.,Exp Neurol.  2015,sbma
12372281,Androgen-dependent neurodegeneration by polyglutamine-expanded human androgen receptor in Drosophila.,Neuron.  2002,androgen receptor
16981011,Androgen-dependent pathology demonstrates myopathic contribution to the Kennedy disease phenotype in a mouse knock-in model.,J Clin Invest.  2006,kennedy
19100835,Androgens inhibit androgen receptor promoter activation in motor neurons.,Neurobiol Dis.  2009,androgen receptor
16389310,Animal models of Kennedy disease.,NeuroRx.  2005,kennedy
18210842,[Animal models of neurodegenerative diseases on the road to disease-modifying therapy: spinal and bulbar muscular atrophy].,Rinsho Shinkeigaku.  2007,spinal and bulbar muscular atrophy
23196565,[Anti-androgen therapy for spinal and bulbar muscular atrophy (SBMA)].,Rinsho Shinkeigaku.  2012,spinal and bulbar muscular atrophy
19259961,Anti-androgen treatment for spinal and bulbar muscular atrophy.,Ann Neurol.  2009,spinal and bulbar muscular atrophy
24742193,Antiandrogen flutamide protects male mice from androgen-dependent toxicity in three models of spinal bulbar muscular atrophy.,Endocrinology.  2014,spinal bulbar muscular atrophy
25912841,Applying thermosettable zwitterionic copolymers as general fouling-resistant and thermal-tolerant biomaterial interfaces.,ACS Appl Mater Interfaces.  2015,zwitterionic
17334372,ASC-J9 ameliorates spinal and bulbar muscular atrophy phenotype via degradation of androgen receptor.,Nat Med.  2007,spinal and bulbar muscular atrophy
24876969,Assessing function and endurance in adults with spinal and bulbar muscular atrophy: validity of the adult myopathy assessment tool.,Rehabil Res Pract.  2014,spinal and bulbar muscular atrophy
9177411,Assessment of androgen receptor function in genital skin fibroblasts using a recombinant adenovirus to deliver an androgen-responsive reporter gene.,J Clin Endocrinol Metab.  1997,androgen receptor
23146615,Assessment of swallowing in motor neuron disease and Asidan/SCA36 patients with new methods.,J Neurol Sci.  2013,motor neuron disease
15116379,Association of spinal and bulbar muscular atrophy with myotonic dystrophy type 1.,Muscle Nerve.  2004,spinal and bulbar muscular atrophy
23042346,Attacking the flank: targeting new pathways in SBMA.,Nat Med.  2012,sbma
9434091,Atypical clinical presentations of X-linked spinal and bulbar muscular atrophy in patients with mild CAG expansions in androgen receptor gene.,Eur Neurol.  1997,spinal and bulbar muscular atrophy
19770590,Autophagy and access: understanding the role of androgen receptor subcellular localization in SBMA.,Autophagy.  2009,sbma
10599805,Autosomal dominant familial spinal and bulbar muscular atrophy with gynecomastia.,Neurology.  1999,spinal and bulbar muscular atrophy
20336775,B2 attenuates polyglutamine-expanded androgen receptor toxicity in cell and fly models of spinal and bulbar muscular atrophy.,J Neurosci Res.  2010,spinal and bulbar muscular atrophy
24794801,Bacterial resistance of self-assembled surfaces using PPOm-b-PSBMAn zwitterionic copolymer - concomitant effects of surface topography and surface chemistry on attachment of live bacteria.,Colloids Surf B Biointerfaces.  2014,sbma
22059984,Bioconjugation of protein-repellent zwitterionic polymer brushes grafted from silicon nitride.,Langmuir.  2012,zwitterionic
24759840,Brugada syndrome in spinal and bulbar muscular atrophy.,Neurology.  2014,spinal and bulbar muscular atrophy
10398229,CAG repeat contraction in the androgen receptor gene in three brothers with mental retardation.,Am J Med Genet.  1999,androgen receptor
17786457,CAG repeat disorder models and human neuropathology: similarities and differences.,Acta Neuropathol.  2008,cag repeat
9302257,CAG repeat expansion in autosomal dominant pure spastic paraplegia linked to chromosome 2p21-p24.,Hum Mol Genet.  1997,cag repeat
22233359,CAG repeat length in androgen receptor gene is not associated with amyotrophic lateral sclerosis.,Eur J Neurol.  2012,androgen receptor
7757084,CAG repeat length variation in sperm from a patient with Kennedy's disease.,Hum Mol Genet.  1995,kennedy
15876692,CAG repeat polymorphism in the androgen receptor (AR) gene of SBMA patients and a control group.,J Appl Genet.  2005,sbma
18056738,CAG repeat size correlates to electrophysiological motor and sensory phenotypes in SBMA.,Brain.  2008,sbma
10411070,CAG repeats in the androgen receptor: a case of spinal and bulbar muscular atrophy associated with prostate cancer.,J Urol.  1999,spinal and bulbar muscular atrophy
10956560,CAG trinucleotide repeats in the androgen receptor gene of infertile men exhibit stable inheritance in female offspring conceived after ICSI.,Mol Hum Reprod.  2000,trinucleotide repeats
8737374,CAG-repeat expansion in androgen receptor in Kennedy's disease is not a loss of function mutation.,Mol Cell Endocrinol.  1996,kennedy
22503213,Cancer incidence in patients with polyglutamine diseases: a population-based study in Sweden.,Lancet Oncol.  2012,polyglutamine disease
12700170,Candidate DNA replication initiation regions at human trinucleotide repeat disease loci.,Hum Mol Genet.  2003,trinucleotide repeat
7925243,Capillary electrophoresis of polymerase chain reaction-amplified products in polymer networks: the case of Kennedy's disease.,Electrophoresis.  1994,kennedy
4264884,"[Case of progressive proximal spinal and bulbar muscular atrophy of late onset (Kennedy-Alter-Sung) with gynecomastia, tremors (of the fingers and head), muscle cramps and pains of the lower back and extremities].",Rinsho Shinkeigaku.  1972,kennedy
22295834,[Case of spinal and bulbar muscular atrophy].,Zhongguo Zhen Jiu.  2012,spinal and bulbar muscular atrophy
19247761,Case series: anesthetic management of patients with spinal and bulbar muscular atrophy (Kennedy's disease).,Can J Anaesth.  2009,kennedy
9535906,Caspase cleavage of gene products associated with triplet expansion disorders generates truncated fragments containing the polyglutamine tract.,J Biol Chem.  1998,polyglutamine tract
9813160,Caspase-3 cleaves the expanded androgen receptor protein of spinal and bulbar muscular atrophy in a polyglutamine repeat length-dependent manner.,Biochem Biophys Res Commun.  1998,spinal and bulbar muscular atrophy
15152038,Castration restores function and neurofilament alterations of aged symptomatic males in a transgenic mouse model of spinal and bulbar muscular atrophy.,J Neurosci.  2004,spinal and bulbar muscular atrophy
10928291,Cell death in polyglutamine diseases.,Cell Tissue Res.  2000,polyglutamine disease
24120273,Cerebral involvement in spinal and bulbar muscular atrophy (Kennedy's disease): a pilot study of PET.,J Neurol Sci.  2013,kennedy
23744686,Changes of pituitary gland volume in Kennedy disease.,AJNR Am J Neuroradiol.  2013,kennedy
10722721,Chaperones Hsp70 and Hsp40 suppress aggregate formation and apoptosis in cultured neuronal cells expressing truncated androgen receptor protein with expanded polyglutamine tract.,J Biol Chem.  2000,androgen receptor
18808893,Chapter 8 Spinobulbar muscular atrophy (Kennedy's disease).,Handb Clin Neurol.  2007,kennedy
9173928,Characterization of an expanded glutamine repeat androgen receptor in a neuronal cell culture system.,Neurobiol Dis.  1997,androgen receptor
15111251,Characterization of intracellular aggregates using fluorescently-tagged polyglutamine-expanded androgen receptor.,Neurotox Res.  2001,androgen receptor
17494697,CHIP overexpression reduces mutant androgen receptor protein and ameliorates phenotypes of the spinal and bulbar muscular atrophy transgenic mouse model.,J Neurosci.  2007,spinal and bulbar muscular atrophy
21698646,Clarifying variability of corticomotoneuronal function in kennedy disease.,Muscle Nerve.  2011,kennedy
23810450,Clearance of the mutant androgen receptor in motoneuronal models of spinal and bulbar muscular atrophy.,Neurobiol Aging.  2013,spinal and bulbar muscular atrophy
9499423,"Cleavage, aggregation and toxicity of the expanded androgen receptor in spinal and bulbar muscular atrophy.",Hum Mol Genet.  1998,spinal and bulbar muscular atrophy
21984161,[Clinical and genetic analysis of a pedigree of Kennedy disease].,Zhejiang Da Xue Xue Bao Yi Xue Ban.  2011,kennedy
10079022,Clinical and molecular aspects of androgen receptor defects.,Exp Clin Endocrinol Diabetes.  1998,androgen receptor
26069122,Clinical Characteristics and Genotype-Phenotype Correlation of Korean Patients with Spinal and Bulbar Muscular Atrophy.,Yonsei Med J.  2015,spinal and bulbar muscular atrophy
16892542,[Clinical consequences of androgen receptor malfunction].,Verh Dtsch Ges Pathol.  2004,androgen receptor
21092480,[Clinical features and genetic diagnosis of Kennedy disease].,Zhonghua Yi Xue Za Zhi.  2010,kennedy
20687495,Clinical features and molecular mechanisms of spinal and bulbar muscular atrophy (SBMA).,Adv Exp Med Biol.  2010,spinal and bulbar muscular atrophy
11697521,Clinical features and skewed X-chromosome inactivation in female carriers of X-linked recessive spinal and bulbar muscular atrophy.,J Neurol.  2001,spinal and bulbar muscular atrophy
19846582,Clinical features of spinal and bulbar muscular atrophy.,Brain.  2009,spinal and bulbar muscular atrophy
17803850,[Clinical manifestations and molecular genetics of spinal bulbar muscular atrophy: report of 5 cases].,Zhonghua Yi Xue Za Zhi.  2007,spinal bulbar muscular atrophy
26572537,"Clinical Trials in Spinal and Bulbar Muscular Atrophy-Past, Present, and Future.",J Mol Neurosci.  2016,spinal and bulbar muscular atrophy
23393146,Co-induction of the heat shock response ameliorates disease progression in a mouse model of human spinal and bulbar muscular atrophy: implications for therapy.,Brain.  2013,spinal and bulbar muscular atrophy
16467955,Comparison of androgen receptor CAG and GGN repeat length polymorphism in humans and apes.,Primates.  2006,androgen receptor
25413076,[Comparison of clinical and physiological characteristics between Kennedy disease and amyotrophic lateral sclerosis].,Nan Fang Yi Ke Da Xue Xue Bao.  2014,kennedy
10932612,[Comparison of the number of CAG repeats in the gene for androgen receptors in a control Yugoslav population and in patients with schizophrenia].,Srp Arh Celok Lek.  2000,androgen receptor
11121205,"Comparison of the number of triplets in SCA1, MJD/SCA3, HD, SBMA, DRPLA, MD, FRAXA and FRDA genes in schizophrenic patients and a healthy population.",Am J Med Genet.  2000,sbma
22381992,Complications after cardiovascular surgery in a case of undiagnosed spinal-bulbar muscular atrophy (Kennedy disease).,Am J Crit Care.  2012,kennedy
18762554,Consequences of poly-glutamine repeat length for the conformation and folding of the androgen receptor amino-terminal domain.,J Mol Endocrinol.  2008,androgen receptor
25663674,Contractile dysfunction in muscle may underlie androgen-dependent motor dysfunction in spinal bulbar muscular atrophy.,J Appl Physiol (1985).  2015,spinal bulbar muscular atrophy
23515294,Convenient diagnosis of spinal and bulbar muscular atrophy using a microchip electrophoresis system.,Am J Neurodegener Dis.  2013,spinal and bulbar muscular atrophy
25420208,Correction to role of SbmA in the uptake of peptide nucleic acid (PNA)-peptide conjugates in E. coli.,ACS Chem Biol.  2015,sbma
24814851,Correlation of clinical and molecular features in spinal bulbar muscular atrophy.,Neurology.  2014,spinal bulbar muscular atrophy
22941760,Cross-sectional and longitudinal analysis of an oxidative stress biomarker for spinal and bulbar muscular atrophy.,Muscle Nerve.  2012,spinal and bulbar muscular atrophy
22720173,Current status of treatment of spinal and bulbar muscular atrophy.,Neural Plast.  2012,spinal and bulbar muscular atrophy
20502504,Current understanding on the pathogenesis of polyglutamine diseases.,Neurosci Bull.  2010,polyglutamine disease
11719263,Cytochrome c oxidase subunit Vb interacts with human androgen receptor: a potential mechanism for neurotoxicity in spinobulbar muscular atrophy.,Brain Res Bull.  2001,androgen receptor
10769019,Cytoplasmic localization and the choice of ligand determine aggregate formation by androgen receptor with amplified polyglutamine stretch.,J Cell Biol.  2000,androgen receptor
19279159,Cytoplasmic retention of polyglutamine-expanded androgen receptor ameliorates disease via autophagy in a mouse model of spinal and bulbar muscular atrophy.,Hum Mol Genet.  2009,spinal and bulbar muscular atrophy
19187481,Decreased cortical somatosensory finger representation in X-linked recessive bulbospinal neuronopathy (Kennedy disease): a magnetoencephalographic study.,J Neuroimaging.  2010,kennedy
27147661,Defects in Neuromuscular Transmission May Underlie Motor Dysfunction in Spinal and Bulbar Muscular Atrophy.,J Neurosci.  2016,spinal and bulbar muscular atrophy
15003278,Degradation properties of polyglutamine-expanded human androgen receptor in transfected cells.,Neurosci Lett.  2004,androgen receptor
19775935,Determinants of double discharges in amyotrophic lateral sclerosis and Kennedy disease.,Clin Neurophysiol.  2009,kennedy
24042123,Determination of androgen receptor degradation enhancer ASC-J9(®) in mouse sera and organs with liquid chromatography tandem mass spectrometry.,J Pharm Biomed Anal.  2014,androgen receptor
22668795,Developing treatment for spinal and bulbar muscular atrophy.,Prog Neurobiol.  2012,spinal and bulbar muscular atrophy
15152501,[Development of therapeutics for spinal and bulbar muscular atrophy (SBMA)].,Rinsho Shinkeigaku.  2003,spinal and bulbar muscular atrophy
26572533,"Diagnostic Clinical, Electrodiagnostic and Muscle Pathology Features of Spinal and Bulbar Muscular Atrophy.",J Mol Neurosci.  2016,spinal and bulbar muscular atrophy
21952871,Difference in chronological changes of outcome measures between untreated and placebo-treated patients of spinal and bulbar muscular atrophy.,J Neurol.  2012,spinal and bulbar muscular atrophy
7595622,Differential diagnosis in spinal and bulbar muscular atrophy clinical and molecular aspects.,J Neurol Sci.  1995,spinal and bulbar muscular atrophy
8926495,"Differential pattern in tissue-specific somatic mosaicism of expanded CAG trinucleotide repeats in dentatorubral-pallidoluysian atrophy, Machado-Joseph disease, and X-linked recessive spinal and bulbar muscular atrophy.",J Neurol Sci.  1996,spinal and bulbar muscular atrophy
8928625,Disaggregation of polyribosomes in the spinal anterior horn cells in a patient with X-linked spinal and bulbar muscular atrophy.,Acta Neuropathol.  1996,spinal and bulbar muscular atrophy
9650764,Discordant repeat size and phenotype in Kennedy syndrome.,Clin Genet.  1998,kennedy
22246870,Discrimination of spinal and bulbar muscular atrophy from amyotrophic lateral sclerosis using sensory nerve action potentials.,Muscle Nerve.  2012,spinal and bulbar muscular atrophy
22402717,[Disease-modifying therapy for spinal and bulbar muscular atrophy (SBMA)].,Brain Nerve.  2012,spinal and bulbar muscular atrophy
20410122,Disrupted transforming growth factor-beta signaling in spinal and bulbar muscular atrophy.,J Neurosci.  2010,spinal and bulbar muscular atrophy
25607844,Disrupting SUMOylation enhances transcriptional function and ameliorates polyglutamine androgen receptor-mediated disease.,J Clin Invest.  2015,androgen receptor
22312314,Disruption of axonal transport in motor neuron diseases.,Int J Mol Sci.  2012,motor neuron disease
22570336,Disruption of nongenomic testosterone signaling in a model of spinal and bulbar muscular atrophy.,Mol Endocrinol.  2012,spinal and bulbar muscular atrophy
15852399,Distal spinal and bulbar muscular atrophy caused by dynactin mutation.,Ann Neurol.  2005,spinal and bulbar muscular atrophy
24361063,Distinct acoustic features in spinal and bulbar muscular atrophy patients with laryngospasm.,J Neurol Sci.  2014,spinal and bulbar muscular atrophy
25904795,Distinct Etiological Roles for Myocytes and Motor Neurons in a Mouse Model of Kennedy's Disease/Spinobulbar Muscular Atrophy.,J Neurosci.  2015,kennedy
8162055,Distribution of trinucleotide repeat sequences across a 2 Mbp region containing the Huntington's disease gene.,Hum Mol Genet.  1994,trinucleotide repeat
25078541,Diversity in the androgen receptor CAG repeat has been shaped by a multistep mutational mechanism.,Am J Med Genet B Neuropsychiatr Genet.  2014,androgen receptor
12960939,DNA trinucleotide repeat expansion in neuropsychiatric patients.,Med Sci Monit.  2003,trinucleotide repeat
25042406,Dual thermo- and pH-responsive zwitterionic sulfobataine copolymers for oral delivery system.,Macromol Rapid Commun.  2014,zwitterionic
19572632,Dual-thermoresponsive phase behavior of blood compatible zwitterionic copolymers containing nonionic poly(N-isopropyl acrylamide).,Biomacromolecules.  2009,zwitterionic
21216198,Dutasteride for spinal and bulbar muscular atrophy.,Lancet Neurol.  2011,spinal and bulbar muscular atrophy
19616433,Dysphagia in X-linked bulbospinal muscular atrophy (Kennedy disease).,Neuromuscul Disord.  2009,kennedy
25047668,Early onset and novel features in a spinal and bulbar muscular atrophy patient with a 68 CAG repeat.,Neuromuscul Disord.  2014,spinal and bulbar muscular atrophy
19171827,Effect of aerobic training in patients with spinal and bulbar muscular atrophy (Kennedy disease).,Neurology.  2009,kennedy
9111734,Effects of androgen receptor polyglutamine tract expansion on proliferation of NG108-15 cells.,Neurosci Lett.  1997,androgen receptor
21216197,Efficacy and safety of dutasteride in patients with spinal and bulbar muscular atrophy: a randomised placebo-controlled trial.,Lancet Neurol.  2011,spinal and bulbar muscular atrophy
20691641,"Efficacy and safety of leuprorelin in patients with spinal and bulbar muscular atrophy (JASMITT study): a multicentre, randomised, double-blind, placebo-controlled trial.",Lancet Neurol.  2010,spinal and bulbar muscular atrophy
17364438,Elevated creatine kinase and transaminases in asymptomatic SBMA.,Amyotroph Lateral Scler.  2007,sbma
7460432,[Endocrinological investigation in patients with progressive proximal spinal and bulbar muscular atrophy of late onset (Kennedy-Alter-Sung type) (author's transl)].,Rinsho Shinkeigaku.  1980,kennedy
24898351,Endoplasmic reticulum stress in spinal and bulbar muscular atrophy: a potential target for therapy.,Brain.  2014,spinal and bulbar muscular atrophy
23364790,Enhanced aggregation of androgen receptor in induced pluripotent stem cell-derived neurons from spinal and bulbar muscular atrophy.,J Biol Chem.  2013,spinal and bulbar muscular atrophy
11949733,"Epidemiological survey of X-linked bulbar and spinal muscular atrophy, or Kennedy disease, in the province of Reggio Emilia, Italy.",Eur J Epidemiol.  2001,kennedy
21826683,Evaluation of spinal and bulbar muscular atrophy by the clustering index method.,Muscle Nerve.  2011,spinal and bulbar muscular atrophy
7515106,Exonic trinucleotide repeats and expression of androgen receptor gene in spinal cord from X-linked spinal and bulbar muscular atrophy.,J Neurol Sci.  1994,spinal and bulbar muscular atrophy
7931399,Expression of androgen receptor in X-linked spinal and bulbar muscular atrophy and amyotrophic lateral sclerosis.,J Neurol Neurosurg Psychiatry.  1994,spinal and bulbar muscular atrophy
9533962,Expression of androgen receptor mRNA during mouse embryogenesis.,Mech Dev.  1998,androgen receptor
11152658,Expression of expanded repeat androgen receptor produces neurologic disease in transgenic mice.,Hum Mol Genet.  2001,androgen receptor
10447463,Expression of GDNF and GDNFR-alpha mRNAs in muscles of patients with motor neuron diseases.,Neurochem Res.  1999,motor neuron disease
12221177,Expression of X-linked bulbospinal muscular atrophy (Kennedy disease) in two homozygous women.,Neurology.  2002,kennedy
20140226,F-actin binding regions on the androgen receptor and huntingtin increase aggregation and alter aggregate characteristics.,PLoS One.  2010,androgen receptor
6721595,[Familial male hypogonadism in spinal and bulbar muscular atrophy of late onset (Kennedy's disease). A new cause of hypogonadism].,Arch Esp Urol.  1984,kennedy
25607836,Fighting polyglutamine disease by wrestling with SUMO.,J Clin Invest.  2015,polyglutamine disease
15258239,Five year follow up of a patient with spinal and bulbar muscular atrophy treated with leuprorelin.,J Neurol Neurosurg Psychiatry.  2004,spinal and bulbar muscular atrophy
10951525,Founder effect in spinal and bulbar muscular atrophy (SBMA) in Scandinavia.,Eur J Hum Genet.  2000,spinal and bulbar muscular atrophy
8872464,Founder effect in spinal and bulbar muscular atrophy (SBMA).,Hum Mol Genet.  1996,spinal and bulbar muscular atrophy
11766302,"[From gene to disease; androgen receptor gene, androgen insensitivity syndrome, and spinal and bulbar muscle atrophy].",Ned Tijdschr Geneeskd.  2001,androgen receptor
25309920,From pathways to targets: understanding the mechanisms behind polyglutamine disease.,Biomed Res Int.  2014,polyglutamine disease
19572162,Frontotemporal cognitive function in X-linked spinal and bulbar muscular atrophy (SBMA): a controlled neuropsychological study of 20 patients.,J Neurol.  2009,spinal and bulbar muscular atrophy
24078611,Functional and structural study of the dimeric inner membrane protein SbmA.,J Bacteriol.  2013,sbma
24078610,"Functional characterization of SbmA, a bacterial inner membrane transporter required for importing the antimicrobial peptide Bac7(1-35).",J Bacteriol.  2013,sbma
23062703,FUS is not dysregulated by the spinal bulbar muscular atrophy androgen receptor polyglutamine repeat expansion.,Neurobiol Aging.  2013,spinal bulbar muscular atrophy
8982000,Genetic analysis of the Rhizobium meliloti bacA gene: functional interchangeability with the Escherichia coli sbmA gene and phenotypes of mutants.,J Bacteriol.  1997,sbma
23363377,"Genistein, a natural product derived from soybeans, ameliorates polyglutamine-mediated motor neuron disease.",J Neurochem.  2013,motor neuron disease
25811990,Genotype-phenotype correlation in Chinese patients with spinal and bulbar muscular atrophy.,PLoS One.  2015,spinal and bulbar muscular atrophy
11751688,Glucocorticoid modulation of androgen receptor nuclear aggregation and cellular toxicity is associated with distinct forms of soluble expanded polyglutamine protein.,Hum Mol Genet.  2001,androgen receptor
26971100,Glycolytic-to-oxidative fiber-type switch and mTOR signaling activation are early-onset features of SBMA muscle modified by high-fat diet.,Acta Neuropathol.  2016,sbma
23121864,Goserelin cannot improve the weakness of a patient with kennedy disease after 40-week administration.,CNS Neurosci Ther.  2012,kennedy
25374767,Head and Arm Tremor in X-linked Spinal and Bulbar Muscular Atrophy.,Tremor Other Hyperkinet Mov (N Y).  2014,spinal and bulbar muscular atrophy
26624487,Head Lift Exercise Improves Swallowing Dysfunction in Spinal and Bulbar Muscular Atrophy.,Eur Neurol.  2015,spinal and bulbar muscular atrophy
12657679,Heat shock protein 70 chaperone overexpression ameliorates phenotypes of the spinal and bulbar muscular atrophy transgenic mouse model by reducing nuclear-localized mutant androgen receptor protein.,J Neurosci.  2003,spinal and bulbar muscular atrophy
108363,"[Hereditary motor neuron disease: the proximal, adult, sex-linked form (or Kennedy disease). Clinical and neuroendocrinologic observations].",J Neurol Sci.  1979,kennedy
18446311,Highly skewed inactivation of the wild-type X-chromosome in asymptomatic female carriers of spinal and bulbar muscular atrophy (Kennedy's disease).,J Neurol.  2008,kennedy
18537606,Histone deacetylase inhibitors: therapeutic agents and research tools for deciphering motor neuron diseases.,Curr Med Chem.  2008,motor neuron disease
12714591,Hsp105alpha suppresses the aggregation of truncated androgen receptor with expanded CAG repeats and cell toxicity.,J Biol Chem.  2003,androgen receptor
17426712,Hsp40 molecules that target to the ubiquitin-proteasome system decrease inclusion formation in models of polyglutamine disease.,Mol Ther.  2007,polyglutamine disease
19183265,HSP70 interacting protein prevents the accumulation of inclusions in polyglutamine disease.,J Neurochem.  2009,polyglutamine disease
25392924,Human adipose-derived mesenchymal stem cells as a new model of spinal and bulbar muscular atrophy.,PLoS One.  2014,spinal and bulbar muscular atrophy
16079302,Human expanded polyglutamine androgen receptor mutants in neurodegeneration as a novel ligand target.,J Pharmacol Exp Ther.  2005,androgen receptor
1345166,Human genes containing polymorphic trinucleotide repeats.,Nat Genet.  1992,trinucleotide repeats
16782802,Huntingtin-associated protein 1 (HAP1) interacts with androgen receptor (AR) and suppresses SBMA-mutant-AR-induced apoptosis.,Hum Mol Genet.  2006,sbma
18090681,Hyperestrogenemia simulating kennedy disease.,J Clin Neuromuscul Dis.  2007,kennedy
26872663,Hypospadias as a novel feature in spinal bulbar muscle atrophy.,J Neurol.  2016,spinal bulbar
11501969,Identification and characterization of androgen receptor associated coregulators in prostate cancer cells.,J Biol Regul Homeost Agents.  2001,androgen receptor
8233073,Identification of androgen receptor in the rat spinal motoneurons. Immunohistochemical and immunoblotting analyses with monoclonal antibody.,Neurosci Lett.  1993,androgen receptor
26453288,Identification of novel polyglutamine-expanded aggregation species in spinal and bulbar muscular atrophy.,Brain Res.  2015,spinal and bulbar muscular atrophy
3543211,"Identification, mapping, cloning and characterization of a gene (sbmA) required for microcin B17 action on Escherichia coli K12.",J Gen Microbiol.  1986,sbma
19679066,IGF-1: elixir for motor neuron diseases.,Neuron.  2009,motor neuron disease
8664984,Immunohistochemical localization and immunoblotting of androgen receptor in spinal neurons of male and female rats.,Eur J Endocrinol.  1996,androgen receptor
21873607,Impaired motoneuronal retrograde transport in two models of SBMA implicates two sites of androgen action.,Hum Mol Genet.  2011,sbma
9863360,[Importance of the number of trinucleotide repeat expansions in the clinical manifestations of Huntington's chorea].,Srp Arh Celok Lek.  1998,trinucleotide repeat
10222782,[In vitro aggregation and cellular toxicity of mutant androgen receptor protein in spinal and bulbar muscular atrophy].,Nihon Rinsho.  1999,spinal and bulbar muscular atrophy
26614347,In Vitro and In Vivo Modeling of Spinal and Bulbar Muscular Atrophy.,J Mol Neurosci.  2016,spinal and bulbar muscular atrophy
15506979,In vitro regulation of reporter gene transcription by the androgen receptor AF1 domain.,Biochem Soc Trans.  2004,androgen receptor
11167027,In vivo expansion of trinucleotide repeats yields plasmid and YAC constructs for targeting and transgenesis.,Gene.  2000,trinucleotide repeats
15609126,Increased frequency of long androgen receptor CAG repeats in male breast cancers.,Breast Cancer Res Treat.  2004,androgen receptor
10724329,Increased T-type Ca2+ channel activity as a determinant of cellular toxicity in neuronal cell lines expressing polyglutamine-expanded human androgen receptors.,Mol Cell Biochem.  2000,androgen receptor
26169420,Influence of the yjiL-mdtM Gene Cluster on the Antibacterial Activity of Proline-Rich Antimicrobial Peptides Overcoming Escherichia coli Resistance Induced by the Missing SbmA Transporter System.,Antimicrob Agents Chemother.  2015,sbma
17604099,Inhibition of bacterial adhesion and biofilm formation on zwitterionic surfaces.,Biomaterials.  2007,zwitterionic
20348093,Inhibition of hsp70 by methylene blue affects signaling protein function and ubiquitination and modulates polyglutamine protein degradation.,J Biol Chem.  2010,polyglutamine protein
26563449,Inhibition of the Androgen Receptor by Antiandrogens in Spinobulbar Muscle Atrophy.,J Mol Neurosci.  2016,androgen receptor
26860543,Inner membrane proteins YgdD and SbmA are required for the complete susceptibility of E. coli to the proline-rich antimicrobial peptide arasin 1(1-25).,Microbiology.  2016,sbma
8064815,Instability of CAG repeats in Huntington's disease: relation to parental transmission and age of onset.,J Med Genet.  1994,cag repeat
9020849,Instability of highly expanded CAG repeats in mice transgenic for the Huntington's disease mutation.,Nat Genet.  1997,cag repeat
22952056,Insulinlike growth factor (IGF)-1 administration ameliorates disease manifestations in a mouse model of spinal and bulbar muscular atrophy.,Mol Med.  2012,spinal and bulbar muscular atrophy
10952056,Intracellular processing and toxicity of the truncated androgen receptor: nuclear congophilia-associated cell death.,J Neuropathol Exp Neurol.  2000,androgen receptor
15519887,Intranuclear organization and function of the androgen receptor.,Trends Endocrinol Metab.  2004,androgen receptor
26875173,Introduction to the Special Issue on Spinal and Bulbar Muscular Atrophy.,J Mol Neurosci.  2016,spinal and bulbar muscular atrophy
25449081,[Investigation of a family with Kennedy disease by genetic analysis].,Zhonghua Yi Xue Yi Chuan Xue Za Zhi.  2014,kennedy
16138977,"[Jaw drop"" as an atypical manifestation of Kennedy's disease].""",Ugeskr Laeger.  2005,kennedy
16751763,JNK mediates pathogenic effects of polyglutamine-expanded androgen receptor on fast axonal transport.,Nat Neurosci.  2006,androgen receptor
11601179,[Kennedy disease in a patient with progressive speech disorder].,Orv Hetil.  2001,kennedy
3699069,Kennedy disease in an Italian kindred.,Eur Neurol.  1986,kennedy
23949524,[Kennedy disease in Peru: first cases with molecular diagnosis].,Rev Peru Med Exp Salud Publica.  2013,kennedy
18686649,Kennedy disease mimics amyotrophic lateral sclerosis: a case report.,Acta Neurol Taiwan.  2008,kennedy
24073646,Kennedy disease misdiagnosed as polymyositis: a case report.,BMC Res Notes.  2013,kennedy
26618536,"Kennedy Disease Misdiagnosed as Polyneuropathy, Organomegaly, Endocrinopathy, Monoclonal Gammopathy, and Skin Changes (POEMS) Syndrome: A Case Report.",Med Princ Pract.  2016,kennedy
24872216,Kennedy disease with biphasic clinical course and rapid progression.,J Clin Neuromuscul Dis.  2014,kennedy
9211187,Kennedy disease.,J Inherit Metab Dis.  1997,kennedy
10714306,[Kennedy disease. A report of two cases].,Rev Neurol.  1999,kennedy
12810497,Kennedy disease: avoiding misdiagnosis.,Arch Neurol.  2003,kennedy
15096414,Kennedy disease: insights and questions.,Arch Neurol.  2004,kennedy
8540824,[Kennedy disease: report of 2 cases].,Arq Neuropsiquiatr.  1995,kennedy
19078709,Kennedy's Disease Initially Manifesting as an Endocrine Disorder.,J Clin Neuromuscul Dis.  2003,kennedy
16100985,Kennedy's disease phenotype with positive genetic study for Kugelberg-Welander's disease: case report.,Arq Neuropsiquiatr.  2005,kennedy
15997639,[Kennedy's disease--case report].,Pol Merkur Lekarski.  2005,kennedy
12824190,Kennedy's disease. Phosphorylation of the polyglutamine-expanded form of androgen receptor regulates its cleavage by caspase-3 and enhances cell death.,J Biol Chem.  2003,kennedy
8469342,Kennedy's disease: a clinicopathologic correlation with mutations in the androgen receptor gene.,Neurology.  1993,kennedy
9886069,Kennedy's disease: caspase cleavage of the androgen receptor is a crucial event in cytotoxicity.,J Neurochem.  1999,kennedy
8749704,Kennedy's disease: clinical and molecular study of two Italian families.,Ital J Neurol Sci.  1995,kennedy
7712629,Kennedy's disease: clinical presentation and laboratory diagnosis.,Clin Exp Neurol.  1993,kennedy
23560310,Kennedy's disease: clinical significance of tandem repeats in the androgen receptor.,Adv Exp Med Biol.  2012,kennedy
11732276,[Kennedy's disease: expansion of the CAG trinucleotide].,Neurol Neurochir Pol.  2001,kennedy
8517843,Kennedy's disease: genetic diagnosis of an inherited form of motor neuron disease.,Aust N Z J Med.  1993,kennedy
15151675,Kennedy's disease: pathogenesis and clinical approaches.,Intern Med J.  2004,kennedy
22919202,Klinefelter's syndrome associated with progressive muscular atrophy simulating Kennedy's disease.,Ann Indian Acad Neurol.  2012,kennedy
25736958,Laboratory evaluation of suspected motor neuron disease: A survey of physicians.,Muscle Nerve.  2015,motor neuron disease
9818876,Larger CAG expansions in skeletal muscle compared with lymphocytes in Kennedy disease but not in Huntington disease.,Neurology.  1998,kennedy
11330644,Larger trinucleotide repeat size in the androgen receptor gene of infertile men with extremely severe oligozoospermia.,J Androl.  2001,androgen receptor
571530,Late-onset X-linked recessive spinal and bulbar muscular atrophy.,Muscle Nerve.  1978,spinal and bulbar muscular atrophy
12754502,Leuprorelin rescues polyglutamine-dependent phenotypes in a transgenic mouse model of spinal and bulbar muscular atrophy.,Nat Med.  2003,spinal and bulbar muscular atrophy
12388541,Ligand promotes intranuclear inclusions in a novel cell model of spinal and bulbar muscular atrophy.,J Biol Chem.  2002,spinal and bulbar muscular atrophy
12438937,Ligand-dependent aggregation of polyglutamine-expanded androgen receptor in neuronal cells.,Neuroreport.  2002,androgen receptor
9360540,"Long polyglutamine tracts in the androgen receptor are associated with reduced trans-activation, impaired sperm production, and male infertility.",J Clin Endocrinol Metab.  1997,androgen receptor
23787009,Long-term follow-up of spinal and bulbar muscular atrophy in Taiwan.,J Formos Med Assoc.  2013,spinal and bulbar muscular atrophy
22773541,Longitudinal changes of outcome measures in spinal and bulbar muscular atrophy.,Brain.  2012,spinal and bulbar muscular atrophy
16772330,Loss of endogenous androgen receptor protein accelerates motor neuron degeneration and accentuates androgen insensitivity in a mouse model of X-linked spinal and bulbar muscular atrophy.,Hum Mol Genet.  2006,spinal and bulbar muscular atrophy
17908088,Low yield in screening patients with sporadic motor neuron disease for Kennedy disease.,Intern Med J.  2007,kennedy
22022281,Macroautophagy is regulated by the UPR-mediator CHOP and accentuates the phenotype of SBMA mice.,PLoS Genet.  2011,sbma
23720649,Mechanisms mediating spinal and bulbar muscular atrophy: investigations into polyglutamine-expanded androgen receptor function and dysfunction.,Front Neurol.  2013,spinal and bulbar muscular atrophy
1303283,Meiotic stability and genotype-phenotype correlation of the trinucleotide repeat in X-linked spinal and bulbar muscular atrophy.,Nat Genet.  1992,spinal and bulbar muscular atrophy
17596176,Men with Kennedy disease have a reduced risk of androgenetic alopecia.,Br J Dermatol.  2007,kennedy
20886071,Microarray analysis of gene expression by skeletal muscle of three mouse models of Kennedy disease/spinal bulbar muscular atrophy.,PLoS One.  2010,kennedy
16621826,Microcin J25 uptake: His5 of the MccJ25 lariat ring is involved in interaction with the inner membrane MccJ25 transporter protein SbmA.,J Bacteriol.  2006,sbma
24200287,"Minor cognitive disturbances in X-linked spinal and bulbar muscular atrophy, Kennedy's disease.",Amyotroph Lateral Scler Frontotemporal Degener.  2014,kennedy
26755334,MiR-298 Counteracts Mutant Androgen Receptor Toxicity in Spinal and Bulbar Muscular Atrophy.,Mol Ther.  2016,spinal and bulbar muscular atrophy
18824496,Mitochondrial abnormalities in spinal and bulbar muscular atrophy.,Hum Mol Genet.  2009,spinal and bulbar muscular atrophy
20035733,Mitochondrial DNA damage in spinal and bulbar muscular atrophy patients and carriers.,Clin Chim Acta.  2010,spinal and bulbar muscular atrophy
26428534,Mitochondrial implications in bulbospinal muscular atrophy (Kennedy disease).,Amyotroph Lateral Scler Frontotemporal Degener.  2015,kennedy
8946111,Mitotic and meiotic stability of the CAG repeat in the X-linked spinal and bulbar muscular atrophy gene.,Clin Genet.  1996,spinal and bulbar muscular atrophy
1303195,Moderate instability of the trinucleotide repeat in spino bulbar muscular atrophy.,Hum Mol Genet.  1992,trinucleotide repeat
9010714,Molecular analysis of the androgen receptor gene in Kennedy's disease. Report of two families and review of the literature.,Horm Res.  1997,kennedy
10711573,Molecular basis of androgen receptor diseases.,Ann Med.  2000,androgen receptor
12661407,[Molecular biology of polyglutamine diseases].,Postepy Hig Med Dosw.  2002,polyglutamine disease
11875046,Molecular chaperones enhance the degradation of expanded polyglutamine repeat androgen receptor in a cellular model of spinal and bulbar muscular atrophy.,Hum Mol Genet.  2002,spinal and bulbar muscular atrophy
10419008,Molecular defects of the androgen receptor.,J Steroid Biochem Mol Biol.  1999,androgen receptor
25449082,[Molecular diagnosis for a patient with Kennedy disease].,Zhonghua Yi Xue Yi Chuan Xue Za Zhi.  2014,kennedy
26925742,Molecular diagnosis of spinal and bulbar muscular atrophy in Slovakia.,Bratisl Lek Listy.  2016,spinal and bulbar muscular atrophy
18473821,Molecular genetics and biomarkers of polyglutamine diseases.,Curr Mol Med.  2008,polyglutamine disease
11400322,[Molecular pathogenesis of motor neuron diseases].,Nihon Shinkei Seishin Yakurigaku Zasshi.  2001,motor neuron disease
11719251,Molecular pathogenesis of spinal and bulbar muscular atrophy.,Brain Res Bull.  2001,spinal and bulbar muscular atrophy
22158719,Molecular pathophysiology and disease-modifying therapies for spinal and bulbar muscular atrophy.,Arch Neurol.  2012,spinal and bulbar muscular atrophy
20030248,[Molecular-targeted therapies for spinal and bulbar muscular atrophy].,Rinsho Shinkeigaku.  2009,spinal and bulbar muscular atrophy
19697878,[Molecular-targeted therapy for motor neuron disease].,Brain Nerve.  2009,motor neuron disease
21921465,[Molecular-targeted therapy for spinal and bulbar muscular atrophy (SBMA)].,Rinsho Shinkeigaku.  2010,spinal and bulbar muscular atrophy
24391590,More than a bystander: the contributions of intrinsic skeletal muscle defects in motor neuron diseases.,Front Physiol.  2013,motor neuron disease
25828775,"Morphological changes of skeletal muscle in spinal and bulbar muscular atrophy (SBMA), Kennedy's disease: a case report.",Clin Neuropathol.  2015,kennedy
10587588,Motoneuronal cell death is not correlated with aggregate formation of androgen receptors containing an elongated polyglutamine tract.,Hum Mol Genet.  2000,androgen receptor
26942099,Motor neuron degeneration in spinal and Bulbar Muscular Atrophy is a skeletal muscle-driven process: Relevance to therapy development and implications for related motor neuron diseases.,Rare Dis.  2014,spinal and bulbar muscular atrophy
9217978,Mouse models of human CAG repeat disorders.,Brain Pathol.  1997,cag repeat
11436124,"Multiple founder effects in spinal and bulbar muscular atrophy (SBMA, Kennedy disease) around the world.",Eur J Hum Genet.  2001,kennedy
24742458,Muscle expression of mutant androgen receptor accounts for systemic and motor neuron disease phenotypes in spinal and bulbar muscular atrophy.,Neuron.  2014,spinal and bulbar muscular atrophy
15240202,Muscle MRI findings of X-linked spinal and bulbar muscular atrophy.,J Neurol Sci.  2004,spinal and bulbar muscular atrophy
11528711,"[Muscular atrophy, spinal and bulbar (SBMA), X-linked Kennedy type].",Ryoikibetsu Shokogun Shirizu.  2001,kennedy
16358333,Mutant androgen receptor accumulation in spinal and bulbar muscular atrophy scrotal skin: a pathogenic marker.,Ann Neurol.  2006,spinal and bulbar muscular atrophy
21247881,"Mutant CAG repeats of Huntingtin transcript fold into hairpins, form nuclear foci and are targets for RNA interference.",Nucleic Acids Res.  2011,cag repeat
24894177,Myopathic involvement and mitochondrial pathology in Kennedy disease and in other motor neuron diseases.,Curr Mol Med.  2014,kennedy
26363965,Myotonia-like symptoms in a patient with spinal and bulbar muscular atrophy.,Neuromuscul Disord.  2015,spinal and bulbar muscular atrophy
20869592,Native functions of the androgen receptor are essential to pathogenesis in a Drosophila model of spinobulbar muscular atrophy.,Neuron.  2010,androgen receptor
16621916,Natural history of spinal and bulbar muscular atrophy (SBMA): a study of 223 Japanese patients.,Brain.  2006,spinal and bulbar muscular atrophy
26308581,Nemo-like kinase is a novel regulator of spinal and bulbar muscular atrophy.,Elife.  2015,spinal and bulbar muscular atrophy
22327341,Neurogenic and myogenic contributions to hereditary motor neuron disease.,Neurodegener Dis.  2012,motor neuron disease
15376484,"Neurologic course, endocrine dysfunction and triplet repeat size in spinal bulbar muscular atrophy.",Can J Neurol Sci.  2004,spinal bulbar muscular atrophy
19399234,Neuropathology and therapeutic intervention in spinal and bulbar muscular atrophy.,Int J Mol Sci.  2009,spinal and bulbar muscular atrophy
21745497,Neurotoxic effects of androgens in spinal and bulbar muscular atrophy.,Front Neuroendocrinol.  2011,spinal and bulbar muscular atrophy
23420040,New routes to therapy for spinal and bulbar muscular atrophy.,J Mol Neurosci.  2013,spinal and bulbar muscular atrophy
27141859,No effect of AR polyG polymorphism on spinal and bulbar muscular atrophy phenotype.,Eur J Neurol.  2016,spinal and bulbar muscular atrophy
23679084,No evidence of cardiomyopathy in spinal and bulbar muscular atrophy.,Acta Neurol Scand.  2013,spinal and bulbar muscular atrophy
26503015,Non-neural phenotype of spinal and bulbar muscular atrophy: results from a large cohort of Italian patients.,J Neurol Neurosurg Psychiatry.  2015,spinal and bulbar muscular atrophy
9736019,Nonneural nuclear inclusions of androgen receptor protein in spinal and bulbar muscular atrophy.,Am J Pathol.  1998,spinal and bulbar muscular atrophy
9708548,Nuclear inclusions of the androgen receptor protein in spinal and bulbar muscular atrophy.,Ann Neurol.  1998,spinal and bulbar muscular atrophy
19078730,Ocular myasthenia gravis associated with x-linked recessive spinal and bulbar muscular atrophy.,J Clin Neuromuscul Dis.  2004,spinal and bulbar muscular atrophy
26482145,Onset Manifestations of Spinal and Bulbar Muscular Atrophy (Kennedy's Disease).,J Mol Neurosci.  2016,kennedy
26551462,Overexpression of hepatocyte growth factor in SBMA model mice has an additive effect on combination therapy with castration.,Biochem Biophys Res Commun.  2015,sbma
19679072,Overexpression of IGF-1 in muscle attenuates disease in a mouse model of spinal and bulbar muscular atrophy.,Neuron.  2009,spinal and bulbar muscular atrophy
17984063,Overexpression of wild-type androgen receptor in muscle recapitulates polyglutamine disease.,Proc Natl Acad Sci U S A.  2007,androgen receptor
23637164,p62/SQSTM1 differentially removes the toxic mutant androgen receptor via autophagy and inclusion formation in a spinal and bulbar muscular atrophy mouse model.,J Neurosci.  2013,spinal and bulbar muscular atrophy
24549037,Paeoniflorin eliminates a mutant AR via NF-YA-dependent proteolysis in spinal and bulbar muscular atrophy.,Hum Mol Genet.  2014,spinal and bulbar muscular atrophy
22476656,Pathogenesis and molecular targeted therapy of spinal and bulbar muscular atrophy (SBMA).,Cell Tissue Res.  2012,spinal and bulbar muscular atrophy
17359355,Pathogenesis and molecular targeted therapy of spinal and bulbar muscular atrophy.,Neuropathol Appl Neurobiol.  2007,spinal and bulbar muscular atrophy
22609045,Pathogenesis and therapy of spinal and bulbar muscular atrophy (SBMA).,Prog Neurobiol.  2012,spinal and bulbar muscular atrophy
16513111,"Pathogenesis, animal models and therapeutics in spinal and bulbar muscular atrophy (SBMA).",Exp Neurol.  2006,spinal and bulbar muscular atrophy
19486304,Pathogenesis-targeting therapeutics for spinal and bulbar muscular atrophy (SBMA).,Neuropathology.  2009,spinal and bulbar muscular atrophy
11211058,Pathology of CAG repeat diseases.,Neuropathology.  2000,cag repeat
17984450,Pathophysiologic insights into motor axonal function in Kennedy disease.,Neurology.  2007,kennedy
25469315,Peptide-modified zwitterionic porous hydrogels for endothelial cell and vascular engineering.,Biores Open Access.  2014,zwitterionic
24746732,Peripheral androgen receptor gene suppression rescues disease in mouse models of spinal and bulbar muscular atrophy.,Cell Rep.  2014,spinal and bulbar muscular atrophy
16644868,Pharmacologic and genetic inhibition of hsp90-dependent trafficking reduces aggregation and promotes degradation of the expanded glutamine androgen receptor without stress protein induction.,Hum Mol Genet.  2006,androgen receptor
16260738,Pharmacological induction of heat-shock proteins alleviates polyglutamine-mediated motor neuron disease.,Proc Natl Acad Sci U S A.  2005,motor neuron disease
19259967,Phase 2 trial of leuprorelin in patients with spinal and bulbar muscular atrophy.,Ann Neurol.  2009,spinal and bulbar muscular atrophy
20184516,Phenotypic differences in a large family with Kennedy's disease from the Middle Black Sea region of Turkey.,Amyotroph Lateral Scler.  2010,kennedy
10899444,Phenotypic manifestations associated with CAG-repeat expansion in the androgen receptor gene in male patients and heterozygous females: a clinical and molecular study of 30 families.,Neuromuscul Disord.  2000,androgen receptor
18393546,"Physical, chemical, and chemical-physical double network of zwitterionic hydrogels.",J Phys Chem B.  2008,zwitterionic
23645595,Pilot trial of clenbuterol in spinal and bulbar muscular atrophy.,Neurology.  2013,spinal and bulbar muscular atrophy
25168383,Pioglitazone suppresses neuronal and muscular degeneration caused by polyglutamine-expanded androgen receptors.,Hum Mol Genet.  2015,androgen receptor
27188284,Polyglutamine androgen receptor-mediated neuromuscular disease.,Cell Mol Life Sci.  2016,androgen receptor
15642849,Polyglutamine diseases and transport problems: deadly traffic jams on neuronal highways.,Arch Neurol.  2005,polyglutamine disease
17911155,Polyglutamine diseases: emerging concepts in pathogenesis and therapy.,Hum Mol Genet.  2007,polyglutamine disease
10643885,Polyglutamine repeat length influences human androgen receptor/c-Jun mediated transcription.,Neurosci Lett.  1999,androgen receptor
11719253,Polyglutamine tract expansion of the androgen receptor in a motoneuronal model of spinal and bulbar muscular atrophy.,Brain Res Bull.  2001,spinal and bulbar muscular atrophy
25108912,Polyglutamine-expanded androgen receptor interferes with TFEB to elicit autophagy defects in SBMA.,Nat Neurosci.  2014,sbma
19228953,Polyglutamine-expanded androgen receptor truncation fragments activate a Bax-dependent apoptotic cascade mediated by DP5/Hrk.,J Neurosci.  2009,androgen receptor
10196362,"Polyglutamine-expanded androgen receptors form aggregates that sequester heat shock proteins, proteasome components and SRC-1, and are suppressed by the HDJ-2 chaperone.",Hum Mol Genet.  1999,androgen receptor
14999487,Polymorphic CAG repeat length in the androgen receptor gene and association with neurodegeneration in a heterozygous female carrier of Kennedy's disease.,J Neurol.  2004,kennedy
8541830,Population genetics of trinucleotide repeat polymorphisms.,Hum Mol Genet.  1995,trinucleotide repeat
24256885,Postural leg tremor in X-linked spinal and bulbar muscular atrophy.,J Clin Neurosci.  2014,spinal and bulbar muscular atrophy
19746452,Postural tremor in X-linked spinal and bulbar muscular atrophy.,Mov Disord.  2009,spinal and bulbar muscular atrophy
11499674,Preimplantation genetic diagnosis for spinal and bulbar muscular atrophy (SBMA).,Hum Genet.  2001,spinal and bulbar muscular atrophy
8710782,Prenatal diagnosis of X-linked spinal and bulbar muscular atrophy in a Greek family.,Prenat Diagn.  1996,spinal and bulbar muscular atrophy
20689246,Prenatal flutamide enhances survival in a myogenic mouse model of spinal bulbar muscular atrophy.,Neurodegener Dis.  2011,spinal bulbar muscular atrophy
26673324,Preventing the Androgen Receptor N/C Interaction Delays Disease Onset in a Mouse Model of SBMA.,Cell Rep.  2015,sbma
7870107,Primary sensory neurons in X-linked recessive bulbospinal neuropathy: histopathology and androgen receptor gene expression.,Muscle Nerve.  1995,androgen receptor
26159055,Probing the Surface Hydration of Nonfouling Zwitterionic and PEG Materials in Contact with Proteins.,ACS Appl Mater Interfaces.  2015,zwitterionic
15897156,Progress in Spinobulbar muscular atrophy research: insights into neuronal dysfunction caused by the polyglutamine-expanded androgen receptor.,Neurotox Res.  2005,androgen receptor
4233749,Progressive proximal spinal and bulbar muscular atrophy of late onset. A sex-linked recessive trait.,Neurology.  1968,spinal and bulbar muscular atrophy
19078594,Progressive proximal spinal and bulbar muscular atrophy of late onset: a sex-linked recessive trait.,J Clin Neuromuscul Dis.  2000,spinal and bulbar muscular atrophy
9521237,Progressive proximal spinal and bulbar muscular atrophy of late onset: a sex-linked recessive trait.,Neurology.  1998,spinal and bulbar muscular atrophy
23643309,Prominent fatigue in spinal muscular atrophy and spinal and bulbar muscular atrophy: evidence of activity-dependent conduction block.,Clin Neurophysiol.  2013,spinal and bulbar muscular atrophy
20621188,Proteasomal and autophagic degradative activities in spinal and bulbar muscular atrophy.,Neurobiol Dis.  2010,spinal and bulbar muscular atrophy
25795778,Proteasome-mediated proteolysis of the polyglutamine-expanded androgen receptor is a late event in spinal and bulbar muscular atrophy (SBMA) pathogenesis.,J Biol Chem.  2015,spinal and bulbar muscular atrophy
11719246,Protective effect of chaperones on polyglutamine diseases.,Brain Res Bull.  2001,polyglutamine disease
12962912,Protective effects of estrogens on polyglutamine-expanded androgen receptor aggregation in mice.,Neurosci Lett.  2003,androgen receptor
25569348,Protein arginine methyltransferase 6 enhances polyglutamine-expanded androgen receptor function and toxicity in spinal and bulbar muscular atrophy.,Neuron.  2015,spinal and bulbar muscular atrophy
27142255,Protein diffusion characteristics in the hydrogels of poly(ethylene glycol) and zwitterionic poly(sulfobetaine methacrylate) (pSBMA).,Acta Biomater.  2016,sbma
19019384,Proton magnetic resonance spectroscopy in Kennedy disease.,J Neurol Sci.  2009,kennedy
10593301,Proton magnetic resonance spectroscopy in Kennedy syndrome.,Arch Neurol.  1999,kennedy
12203763,Proton MRS in Kennedy disease: absolute metabolite and macromolecular concentrations.,J Magn Reson Imaging.  2002,kennedy
17852020,Pure bulbar motor neuron involvement linked to an abnormal CAG repeat expansion in the androgen receptor gene.,Amyotroph Lateral Scler.  2008,androgen receptor
18592136,Rare association of antisynthetase syndrome and Kennedy's disease.,Clin Rheumatol.  2008,kennedy
19211034,Recovery of function in a myogenic mouse model of spinal bulbar muscular atrophy.,Neurobiol Dis.  2009,spinal bulbar muscular atrophy
8961263,Reduced androgen receptor gene expression with first exon CAG repeat expansion.,Mol Endocrinol.  1996,androgen receptor
8252045,Reduced transcriptional regulatory competence of the androgen receptor in X-linked spinal and bulbar muscular atrophy.,Nat Genet.  1993,spinal and bulbar muscular atrophy
12745613,Reduction of the size of the Golgi apparatus of spinal anterior horn cells in patients with X-linked spinal and bulbar muscular atrophy.,Amyotroph Lateral Scler Other Motor Neuron Disord.  2003,spinal and bulbar muscular atrophy
16388114,Reflections on the diseases linked to mutations of the androgen receptor.,Endocrine.  2005,androgen receptor
10639135,Regulation of expanded polyglutamine protein aggregation and nuclear localization by the glucocorticoid receptor.,Proc Natl Acad Sci U S A.  2000,polyglutamine protein
20691640,Renewed hope for treatment of spinal and bulbar muscular atrophy?,Lancet Neurol.  2010,spinal and bulbar muscular atrophy
16601069,Replacing the mouse androgen receptor with human alleles demonstrates glutamine tract length-dependent effects on physiology and tumorigenesis in mice.,Mol Endocrinol.  2006,androgen receptor
23024039,Role of androgen receptor polyQ chain elongation in Kennedy's disease and use of natural osmolytes as potential therapeutic targets.,IUBMB Life.  2012,kennedy
23138594,Role of SbmA in the uptake of peptide nucleic acid (PNA)-peptide conjugates in E. coli.,ACS Chem Biol.  2013,sbma
21284948,"Role of the androgen receptor CAG repeat polymorphism in prostate cancer, and spinal and bulbar muscular atrophy.",Life Sci.  2011,spinal and bulbar muscular atrophy
17725560,Role of the Escherichia coli SbmA in the antimicrobial activity of proline-rich peptides.,Mol Microbiol.  2007,sbma
24785145,[SBMA: a rare disease but a classic ALS mimic syndrome].,Presse Med.  2014,sbma
10639619,Sensory involvement in spinal-bulbar muscular atrophy (Kennedy's disease).,Muscle Nerve.  2000,kennedy
8741078,Sensory involvement in X-linked spino-bulbar muscular atrophy (Kennedy's syndrome): an electrophysiological study.,J Neurol.  1996,kennedy
24041967,Sequencing analysis of the spinal bulbar muscular atrophy CAG expansion reveals absence of repeat interruptions.,Neurobiol Aging.  2014,spinal bulbar muscular atrophy
26231218,Silencing neuronal mutant androgen receptor in a mouse model of spinal and bulbar muscular atrophy.,Hum Mol Genet.  2015,spinal and bulbar muscular atrophy
9949204,Single sperm analysis of the CAG repeats in the gene for dentatorubral-pallidoluysian atrophy (DRPLA): the instability of the CAG repeats in the DRPLA gene is prominent among the CAG repeat diseases.,Hum Mol Genet.  1999,cag repeat
22131404,SIRT1 modulates aggregation and toxicity through deacetylation of the androgen receptor in cell models of SBMA.,J Neurosci.  2011,sbma
20840067,Skeletal muscle in motor neuron diseases: therapeutic target and delivery route for potential treatments.,Curr Drug Targets.  2010,motor neuron disease
24590405,Sleep disorders in spinal and bulbar muscular atrophy (Kennedy's disease): a controlled polysomnographic and self-reported questionnaires study.,J Neurol.  2014,kennedy
19497852,Small ubiquitin-like modifier (SUMO) modification of the androgen receptor attenuates polyglutamine-mediated aggregation.,J Biol Chem.  2009,androgen receptor
17691102,Small-fiber involvement in spinobulbar muscular atrophy (Kennedy's disease).,Muscle Nerve.  2007,kennedy
16407992,Small-molecule ligand induces nucleotide flipping in (CAG)n trinucleotide repeats.,Nat Chem Biol.  2005,trinucleotide repeats
15102712,Sodium butyrate ameliorates phenotypic expression in a transgenic mouse model of spinal and bulbar muscular atrophy.,Hum Mol Genet.  2004,spinal and bulbar muscular atrophy
17121819,Soluble androgen receptor oligomers underlie pathology in a mouse model of spinobulbar muscular atrophy.,J Biol Chem.  2007,androgen receptor
12567414,Somatic instability of the androgen receptor CAG repeat in a normal female.,Am J Med Genet A.  2003,androgen receptor
10222780,[Somatic mosaicism of expanded CAG trinucleotide repeat in spinal and bulbar muscular atrophy (SBMA)].,Nihon Rinsho.  1999,spinal and bulbar muscular atrophy
9482263,"Somatic mosaicism of the expanded CAG trinucleotide repeat in mRNAs for the responsible gene of Machado-Joseph disease (MJD), dentatorubral-pallidoluysian atrophy (DRPLA), and spinal and bulbar muscular atrophy (SBMA).",Neurochem Res.  1998,spinal and bulbar muscular atrophy
8807333,Somatic stability of the expanded CAG trinucleotide repeat in X-linked spinal and bulbar muscular atrophy.,Hum Mutat.  1996,spinal and bulbar muscular atrophy
26298608,Spinal and bulbar muscular atrophy and Charcot-Marie-Tooth type 1A: Co-existence of two rare neuromuscular genetic diseases in the same patient.,Neuromuscul Disord.  2015,spinal and bulbar muscular atrophy
26547319,Spinal and Bulbar Muscular Atrophy Overview.,J Mol Neurosci.  2016,spinal and bulbar muscular atrophy
10434677,"[Spinal and bulbar muscular atrophy (SBMA, Kennedy-Alter-Sung disease)].",Ryoikibetsu Shokogun Shirizu.  1999,kennedy
9761394,Spinal and bulbar muscular atrophy (SBMA): somatic stability of an expanded CAG repeat in fetal tissues.,Clin Genet.  1998,spinal and bulbar muscular atrophy
11306865,Spinal and bulbar muscular atrophy without tongue atrophy.,Eur Neurol.  2001,spinal and bulbar muscular atrophy
26515625,Spinal and Bulbar Muscular Atrophy.,Neurol Clin.  2015,spinal and bulbar muscular atrophy
20301508,Spinal and Bulbar Muscular Atrophy.,GeneReviews<sup>®</sup>.  1993,spinal and bulbar muscular atrophy
18775514,Spinal and bulbar muscular atrophy: a motoneuron or muscle disease?,Curr Opin Pharmacol.  2008,spinal and bulbar muscular atrophy
8545913,Spinal and bulbar muscular atrophy: a trinucleotide-repeat expansion neurodegenerative disease.,Trends Neurosci.  1995,spinal and bulbar muscular atrophy
8867071,Spinal and bulbar muscular atrophy: androgen receptor dysfunction caused by a trinucleotide repeat expansion.,J Neurol Sci.  1996,spinal and bulbar muscular atrophy
15133611,Spinal and bulbar muscular atrophy: ligand-dependent pathogenesis and therapeutic perspectives.,J Mol Med (Berl).  2004,spinal and bulbar muscular atrophy
23656576,Spinal and bulbar muscular atrophy: pathogenesis and clinical management.,Oral Dis.  2014,spinal and bulbar muscular atrophy
17854832,Spinal and bulbar muscular atrophy: skeletal muscle pathology in male patients and heterozygous females.,J Neurol Sci.  2008,spinal and bulbar muscular atrophy
26481168,Spinobulbar muscular atrophy (Kennedy's disease): A rare diagnosis in the Greek population.,J Neurol Sci.  2015,kennedy
9466993,Spinobulbar muscular atrophy: polyglutamine-expanded androgen receptor is proteolytically resistant in vitro and processed abnormally in transfected cells.,Hum Mol Genet.  1998,androgen receptor
26059445,Spontaneous activity in electromyography may differentiate certain benign lower motor neuron disease forms from amyotrophic lateral sclerosis.,J Neurol Sci.  2015,motor neuron disease
7719348,Stability of an expanded trinucleotide repeat in the androgen receptor gene in transgenic mice.,Nat Genet.  1995,androgen receptor
24925468,Stem cell-derived motor neurons from spinal and bulbar muscular atrophy patients.,Neurobiol Dis.  2014,spinal and bulbar muscular atrophy
1461383,Strong correlation between the number of CAG repeats in androgen receptor genes and the clinical onset of features of spinal and bulbar muscular atrophy.,Neurology.  1992,spinal and bulbar muscular atrophy
11356158,Structural and functional alterations in the androgen receptor in spinal bulbar muscular atrophy.,Biochem Soc Trans.  2001,spinal bulbar muscular atrophy
23216624,Structural changes of central white matter tracts in Kennedy's disease - a diffusion tensor imaging and voxel-based morphometry study.,Acta Neurol Scand.  2013,kennedy
17073759,Structural dynamics of the human androgen receptor: implications for prostate cancer and neurodegenerative disease.,Biochem Soc Trans.  2006,androgen receptor
9615216,Study of a trimeric tandem repeat locus (SBMA) in the Basque population: comparison with other populations.,Gene Geogr.  1997,sbma
8996845,[Study of androgen receptor expression and neuronal vulnerability in X-linked spinal and bulbar muscular atrophy].,Hokkaido Igaku Zasshi.  1996,spinal and bulbar muscular atrophy
16091584,Study of androgen receptor functions by genetic models.,J Biochem.  2005,androgen receptor
20376789,"[Study on clinical manifestation, genotype and genetic characteristics of two Kennedy disease pedigrees].",Zhonghua Yi Xue Yi Chuan Xue Za Zhi.  2010,kennedy
7951325,Studying human mutations by sperm typing: instability of CAG trinucleotide repeats in the human androgen receptor gene.,Nat Genet.  1994,trinucleotide repeats
26257024,Studying polyglutamine diseases in Drosophila.,Exp Neurol.  2015,polyglutamine disease
22006688,Subclinical autonomic dysfunction in spinobulbar muscular atrophy (Kennedy disease).,Muscle Nerve.  2011,kennedy
25913777,Surface charge control for zwitterionic polymer brushes: Tailoring surface properties to antifouling applications.,J Colloid Interface Sci.  2015,zwitterionic
23500725,Surface conjugation of zwitterionic polymers to inhibit cell adhesion and protein adsorption.,Colloids Surf B Biointerfaces.  2013,zwitterionic
24708481,Surface modification by grafting of poly(SBMA-co-AEMA)-g-PDA coating and its application in CE.,J Biomater Sci Polym Ed.  2014,sbma
25122660,Synergic prodegradative activity of Bicalutamide and trehalose on the mutant androgen receptor responsible for spinal and bulbar muscular atrophy.,Hum Mol Genet.  2015,spinal and bulbar muscular atrophy
26576772,Targeted Molecular Therapies for SBMA.,J Mol Neurosci.  2016,sbma
25754809,"Teaching video NeuroImages: hand tremor, tongue and perioral fasciculation in a patient with Kennedy disease.",Neurology.  2015,kennedy
22311934,Teaching Video NeuroImages: spinal and bulbar muscular atrophy mimicking essential tremor.,Neurology.  2012,spinal and bulbar muscular atrophy
19080453,[Test of sensory nerve in patients with Kennedy disease].,Zhonghua Yi Xue Za Zhi.  2008,kennedy
12372280,Testosterone reduction prevents phenotypic expression in a transgenic mouse model of spinal and bulbar muscular atrophy.,Neuron.  2002,spinal and bulbar muscular atrophy
21954065,Testosterone treatment fails to accelerate disease in a transgenic mouse model of spinal and bulbar muscular atrophy.,Dis Model Mech.  2012,spinal and bulbar muscular atrophy
18683139,[The advances in research on phosphorylation of polyglutamine disease].,Zhonghua Yi Xue Yi Chuan Xue Za Zhi.  2008,polyglutamine disease
12161010,The androgen receptor CAG repeat: a modifier of carcinogenesis?,Mol Cell Endocrinol.  2002,androgen receptor
15146455,The androgen receptor gene mutations database (ARDB): 2004 update.,Hum Mutat.  2004,androgen receptor
17055185,The androgen receptor gene: a major modifier of speed of neuronal transmission and intelligence?,Med Hypotheses.  2007,androgen receptor
23157556,The androgen receptor in health and disease.,Annu Rev Physiol.  2013,androgen receptor
18560135,The androgen receptor's CAG/glutamine tract in mouse models of neurological disease and cancer.,J Alzheimers Dis.  2008,androgen receptor
9217976,The CAG/polyglutamine tract diseases: gene products and molecular pathogenesis.,Brain Pathol.  1997,polyglutamine tract
8398387,[The distribution of androgen receptor like protein in the central nervous system of rat and human medulla and spinal cord--immunohistochemical study].,No To Shinkei.  1993,androgen receptor
9157759,[The DNA diagnosis of a familial case of Kennedy's spinal and bulbar amyotrophy].,Zh Nevrol Psikhiatr Im S S Korsakova.  1997,kennedy
25463508,The fabrication of superlow protein absorption zwitterionic coating by electrochemically mediated atom transfer radical polymerization and its application.,Acta Biomater.  2015,zwitterionic
14753656,The genetics of motor neuron diseases.,Amyotroph Lateral Scler Other Motor Neuron Disord.  2003,motor neuron disease
19843311,"The Ile13 residue of microcin J25 is essential for recognition by the receptor FhuA, but not by the inner membrane transporter SbmA.",FEMS Microbiol Lett.  2009,sbma
22829593,The in vivo role of androgen receptor SUMOylation as revealed by androgen insensitivity syndrome and prostate cancer mutations targeting the proline/glycine residues of synergy control motifs.,J Biol Chem.  2012,androgen receptor
9006650,The lateral corticospinal tract and spinal ventral horn in X-linked recessive spinal and bulbar muscular atrophy: a quantitative study.,Acta Neuropathol.  1997,spinal and bulbar muscular atrophy
8065934,The length and location of CAG trinucleotide repeats in the androgen receptor N-terminal domain affect transactivation function.,Nucleic Acids Res.  1994,trinucleotide repeats
10400640,"The linkage of Kennedy's neuron disease to ARA24, the first identified androgen receptor polyglutamine region-associated coactivator.",J Biol Chem.  1999,kennedy
10732798,The mutation properties of spinal and bulbar muscular atrophy disease alleles.,Neurogenetics.  1998,spinal and bulbar muscular atrophy
9217975,The neuropathology of CAG repeat diseases: review and update of genetic and molecular features.,Brain Pathol.  1997,cag repeat
7768835,The peptide antibiotic microcin 25 is imported through the TonB pathway and the SbmA protein.,J Bacteriol.  1995,sbma
27312068,The polyglutamine-expanded androgen receptor responsible for spinal and bulbar muscular atrophy inhibits the APC/C(Cdh1) ubiquitin ligase complex.,Sci Rep.  2016,spinal and bulbar muscular atrophy
19965845,The profile of motor unit number estimation (MUNE) in spinal and bulbar muscular atrophy.,J Neurol Neurosurg Psychiatry.  2010,spinal and bulbar muscular atrophy
9268245,The reduction of androgen receptor mRNA in motoneurons of X-linked spinal and bulbar muscular atrophy.,J Neurol Sci.  1997,spinal and bulbar muscular atrophy
17945479,The role of the polyglutamine tract in androgen receptor.,J Steroid Biochem Mol Biol.  2008,androgen receptor
26572535,The Role of the Protein Quality Control System in SBMA.,J Mol Neurosci.  2016,sbma
10694266,The size of the CAG repeat in exon 1 of the androgen receptor gene shows no significant relationship to impaired spermatogenesis in an infertile Caucasoid sample of German origin.,Mol Hum Reprod.  2000,androgen receptor
20735480,The tolC locus affects the expression of sbmA through σE activity increase.,FEMS Microbiol Lett.  2010,sbma
15799970,The unfolded protein response modulates toxicity of the expanded glutamine androgen receptor.,J Biol Chem.  2005,androgen receptor
25191203,The use of sugammadex in a patient with Kennedy's disease under general anesthesia.,Saudi J Anaesth.  2014,kennedy
25408365,"Theory of mind, empathy and neuropsychological functioning in X-linked spinal and bulbar muscular atrophy: a controlled study of 20 patients.",J Neurol.  2015,spinal and bulbar muscular atrophy
20863580,Therapeutic approaches to spinal and bulbar muscular atrophy.,Trends Pharmacol Sci.  2010,spinal and bulbar muscular atrophy
17447526,[Therapeutic strategies for the polyglutamine diseases].,Brain Nerve.  2007,polyglutamine disease
11266016,Thirty-seven CAG repeats in the androgen receptor gene in two healthy individuals.,J Neurol.  2001,androgen receptor
10486315,Tissue-specific somatic mosaicism in spinal and bulbar muscular atrophy is dependent on CAG-repeat length and androgen receptor--gene expression level.,Am J Hum Genet.  1999,spinal and bulbar muscular atrophy
24353334,Tongue pressure as a novel biomarker of spinal and bulbar muscular atrophy.,Neurology.  2014,spinal and bulbar muscular atrophy
26744358,Towards a European Registry and Biorepository for Patients with Spinal and Bulbar Muscular Atrophy.,J Mol Neurosci.  2016,spinal and bulbar muscular atrophy
22366762,Toxic and non-toxic aggregates from the SBMA and normal forms of androgen receptor have distinct oligomeric structures.,Biochim Biophys Acta.  2012,sbma
8902713,Transcriptional activation by the androgen receptor in X-linked spinal and bulbar muscular atrophy.,J Neurol Sci.  1996,spinal and bulbar muscular atrophy
25719894,Transcriptional profile of muscle following acute induction of symptoms in a mouse model of Kennedy's disease/spinobulbar muscular atrophy.,PLoS One.  2015,kennedy
10222781,[Transcriptional regulation and subcellular localization of mutant androgen receptor in spinal and bulbar muscular atrophy].,Nihon Rinsho.  1999,spinal and bulbar muscular atrophy
21189118,Transforming growth factor-β signaling in motor neuron diseases.,Curr Mol Med.  2011,motor neuron disease
11331614,Transgenic mice with an expanded CAG repeat controlled by the human AR promoter show polyglutamine nuclear inclusions and neuronal dysfunction without neuronal cell death.,Hum Mol Genet.  2001,cag repeat
14526186,Transgenic mouse models of spinal and bulbar muscular atrophy (SBMA).,Cytogenet Genome Res.  2003,spinal and bulbar muscular atrophy
12812978,Transglutaminase potentiates ligand-dependent proteasome dysfunction induced by polyglutamine-expanded androgen receptor.,Hum Mol Genet.  2003,androgen receptor
11719247,Transglutaminase-dependent formation of protein aggregates as possible biochemical mechanism for polyglutamine diseases.,Brain Res Bull.  2001,polyglutamine disease
15552866,[Treatment of spinal and bulbar muscular atrophy].,No To Shinkei.  2004,spinal and bulbar muscular atrophy
21808858,Tremor in X-linked recessive spinal and bulbar muscular atrophy (Kennedy's disease).,Clinics (Sao Paulo).  2011,kennedy
12481545,Trinucleotide repeat disease. The androgen receptor in spinal and bulbar muscular atrophy.,Vitam Horm.  2002,spinal and bulbar muscular atrophy
9002550,Trinucleotide repeat disorders in humans: discussions of mechanisms and medical issues.,FASEB J.  1996,trinucleotide repeat
7998766,Trinucleotide repeat expansion in neurological disease.,Ann Neurol.  1994,trinucleotide repeat
8031305,Trinucleotide repeat expansions and human genetic disease.,Bioessays.  1994,trinucleotide repeat
10564878,Trinucleotide repeat polymorphism at five disease loci in mixed Hungarian population.,Am J Med Genet.  1999,trinucleotide repeat
8833437,Trinucleotide repeats in neurogenetic disorders.,Annu Rev Neurosci.  1996,trinucleotide repeats
8190020,"Trinucleotide repeats in neurologic diseases: an hypothesis concerning the pathogenesis of Huntington's disease, Kennedy's disease, and spinocerebellar ataxia type I.",Life Sci.  1994,kennedy
11464455,"[Triplet repeat disease, with particular emphasis of spinal and bulbar muscular atrophy (SBMA)].",Rinsho Shinkeigaku.  2000,spinal and bulbar muscular atrophy
9384612,Truncated forms of the androgen receptor are associated with polyglutamine expansion in X-linked spinal and bulbar muscular atrophy.,Hum Mol Genet.  1998,spinal and bulbar muscular atrophy
20201492,Tunable bioadhesive copolymer hydrogels of thermoresponsive poly(N-isopropyl acrylamide) containing zwitterionic polysulfobetaine.,Biomacromolecules.  2010,zwitterionic
19227892,[Two brothers with very late onset of muscle weakness in X-linked recessive spinal and bulbar muscular atrophy].,Rinsho Shinkeigaku.  2009,spinal and bulbar muscular atrophy
16225946,"Underediting of GluR2 mRNA, a neuronal death inducing molecular change in sporadic ALS, does not occur in motor neurons in ALS1 or SBMA.",Neurosci Res.  2006,sbma
11422120,Undermasculinized genitalia in a boy with an abnormally expanded CAG repeat length in the androgen receptor gene.,Clin Endocrinol (Oxf).  2001,androgen receptor
22506651,Universal surface-initiated polymerization of antifouling zwitterionic brushes using a mussel-mimetic peptide initiator.,Langmuir.  2012,zwitterionic
26178507,[Upper motor neuron involvement in Kennedy disease evaluated by triple stimulation technique].,Zhonghua Yi Xue Za Zhi.  2015,kennedy
17137837,Upper motor neuron involvement in X-linked recessive bulbospinal muscular atrophy.,Clin Neurophysiol.  2007,spinal muscular atrophy
26769462,Very late-onset Sandhoff disease presenting as Kennedy disease.,Muscle Nerve.  2015,kennedy
22660636,Viral delivery of miR-196a ameliorates the SBMA phenotype via the silencing of CELF2.,Nat Med.  2012,sbma
18642379,Walking capacity evaluated by the 6-minute walk test in spinal and bulbar muscular atrophy.,Muscle Nerve.  2008,spinal and bulbar muscular atrophy
20336652,Whole brain-based analysis of regional white matter tract alterations in rare motor neuron diseases by diffusion tensor imaging.,Hum Brain Mapp.  2010,motor neuron disease
15659427,Widespread nuclear and cytoplasmic accumulation of mutant androgen receptor in SBMA patients.,Brain.  2005,sbma
17332050,Widespread white matter changes in Kennedy disease: a voxel based morphometry study.,J Neurol Neurosurg Psychiatry.  2007,kennedy
9757416,"[X-chromosomal recessive spinobulbar muscular atrophy (Kennedy type). Description of a family, clinical aspects, molecular genetics, differential diagnosis and therapy].",Nervenarzt.  1998,kennedy
8867070,"X-linked bulbar and spinal muscular atrophy, or Kennedy disease: clinical, neurophysiological, neuropathological, neuropsychological and molecular study of a large family.",J Neurol Sci.  1996,kennedy
12470181,X-linked bulbospinal neuronopathy: Kennedy disease.,Arch Neurol.  2002,kennedy
8725492,X-linked recessive bulbospinal neuronopathy (SBMA).,Nagoya J Med Sci.  1995,sbma
10385801,[X-linked recessive bulbospinal neuronopathy--Kennedy's syndrome].,Tidsskr Nor Laegeforen.  1999,kennedy
10590631,[X-linked recessive spinal and bulbar muscular atrophy. Kennedy syndrome].,Duodecim.  1996,kennedy
15830083,X-linked spinal and bulbar muscular atrophy (Kennedy's disease) with long-term electrophysiological evaluation: case report.,Arq Neuropsiquiatr.  2005,kennedy
7308249,X-linked spinal and bulbar muscular atrophy of late onset (Kennedy-Stefanis disease?).,Eur Neurol.  1981,kennedy
1117317,X-linked spinal and bulbar muscular atrophy of late onset. A separate type of motor neuron disease?,J Neurol Sci.  1975,spinal and bulbar muscular atrophy
9077516,X-linked spinal and bulbar muscular atrophy with myasthenic symptoms.,J Neurol Sci.  1997,spinal and bulbar muscular atrophy
12445917,X-linked spinal and bulbar muscular atrophy without proximal atrophy.,Clin Neurol Neurosurg.  2002,spinal and bulbar muscular atrophy
1436532,X-linked spinomuscular atrophy: a kindred with associated abnormal androgen receptor binding.,Neurology.  1992,androgen receptor
27045347,Zwitterionic surface grafting of epoxylated sulfobetaine copolymers for the development of stealth biomaterial interfaces.,Acta Biomater.  2016,zwitterionic
