TITLE
"hereditari,proxim,neurogen,muscular,atrophi,adult"
"progress,proxim,spinal,bulbar,muscular,atrophi,late,onset,sex,link,recess,trait"
"famili,adult,onset,proxim,spinal,muscular,atrophi,report,famili,type,ii,hyperlipoproteinemia"
"proxim,neurogen,muscular,atrophi,adolesc,adulthood,x,link,recess,inherit,kugelberg,weland,diseas,variant,late,onset,pedigre"
"case,muscular,atrophi,complic,bulbar,paralysi,result,death"
"case,progress,proxim,spinal,bulbar,muscular,atrophi,late,onset,kennedi,alter,sung,gynecomastia,tremor,finger,head,muscl,cramp,pain,lower,extrem"
"x,link,spinal,bulbar,muscular,atrophi,late,onset,separ,type,motor,neuron,diseas"
"famili,progress,bulbar,spinal,muscular,atrophi,case,report,muscl,biopsi,studi"
"anterior,horn,cell,degener,gross,calf,hypertrophi,adolesc,onset,new,spinal,muscular,atrophi,syndrom"
"late,onset,x,link,recess,spinal,bulbar,muscular,atrophi"
"unusu,type,neural,muscular,atrophi,possibl,x,chromosom,inherit,pattern"
"spinal,bulbar,amyotrophi,blepharospasm,parkinson,syndrom,hyperuricemia"
"hereditari,motor,neuron,diseas,proxim,adult,sex,link,form,kennedi,diseas,clinic,neuroendocrinolog,observ"
"spinal,muscular,atrophi,hypertrophi,calv"
"late,onset,spinal,muscl,atrophi,sex,link,variant,kugelberg,weland"
"clinic,featur,bulbar,spinal,muscular,atrophi,author,transl"
"associ,sign,laboratori,find,bulbar,spinal,muscular,atrophi,adult,author,transl"
"endocrinolog,investig,patient,progress,proxim,spinal,bulbar,muscular,atrophi,late,onset,kennedi,alter,sung,type,author,transl"
"case,subacut,spinal,muscular,atrophi,facio,bulbo,scapulo,humer,type,associ,unconjug,hyperbilirubinemia,author,transl"
"x,link,spinal,bulbar,muscular,atrophi,late,onset,kennedi,stefani,diseas"
"spinal,cranial,motor,nerv,root,amyotroph,later,sclerosi,x,link,recess,bulbospin,muscular,atrophi,morphometr,teas,fiber,studi"
"autopsi,case,bulbar,spinal,muscular,atrophi,adult,male,author,transl"
"morphometr,quantif,spinal,cranial,nerv,root,amyotroph,later,sclerosi,adult,onset,x,link,recess,bulbo,spinal,muscular,atrophi,author,transl"
"morphometr,analysi,oculomotor,trochlear,abduc,nerv,root,amyotroph,later,sclerosi,x,link,recess,bulbar,spinal,muscular,atrophi,author,transl"
"progress,bulbar,paralysi,childhood,pyramid,sign,author,transl"
"bulbo,spinal,lower,motor,neuron,diseas,accumul,neurofila,perikarya,axon"
"x,link,recess,bulbospin,neuronopathi,report,case"
"x,link,adult,form,spinal,muscular,atrophi"
"famili,adult,spinal,bulbar,muscular,atrophi,x,link,inherit,associ,testicular,failur"
"case,unusu,myopathi,associ,diabet,gynecomastia,simul,spinal,muscular,atrophi,kennedi,alter,sung,type"
"famili,male,hypogonad,spinal,bulbar,muscular,atrophi,late,onset,kennedi,diseas,new,caus,hypogonad"
"sex,link,famili,form,progress,spinal,amyotrophi,adult"
"case,bulbar,spinal,muscular,atrophi,famili,compar,studi,clinic,featur,histolog,find,testi"
"chronic,x,link,recess,bulbospin,amyotrophi,kennedi,stefani,type,apropo,case"
"case,progress,bulbospin,muscular,atrophi,sex,link,recess,trait,kennedi,alter,sung,type,iv,hyperlipoproteinemia,fatti,liver"
"bulbospin,muscular,atrophi,endocrinolog,abnorm,kennedi,alter,sung,syndrom,special,refer,hypothalamo,pituitari,dysfunct"
"endocrinolog,studi,hypogonad,femin,patient,bulbar,spinal,muscular,atrophi"
"x,link,bulbo,spinal,neuronopathi,late,onset,sporad,case"
"x,link,bulbo,spinal,neuronopathi,late,onset"
"kennedi,diseas,italian,kindr"
"clinic,anatom,studi,famili,bulbo,spinal,muscular,atrophi,adult"
"pedigre,protanopia,bulbar,spinal,muscular,atrophi"
"local,gene,x,link,spinal,muscular,atrophi"
"late,progress,recess,x,link,proxim,spinal,bulbar,amyotrophi"
"famili,distal,progress,spinal,amyotrophi,asymmetri,lower,limb"
"neuroendocrin,syndrom,pseudomyopath,spinal,amyotrophi,gynecomastia,relat,x,chromosom,kennedi,syndrom,3,case"
"x,link,bulbo,spinal,neuronopathi,famili,studi,patient"
"famili,studi,associ,x,link,bulbospin,muscular,atrophi,kennedi,alter,sung,type,color,blind,protan"
"pedigre,protanopia,bulbospin,muscular,atrophi"
"x,link,bulbo,spinal,neuronopathi,kennedi,syndrom"
"spinal,muscular,atrophi,adult"
"famili,form,bulbo,spinal,amyotrophi,adult"
"bulbar,spinal,muscular,atrophi,late,onset,sporad,case"
"famili,bulbo,spinal,muscular,atrophi,sensori,involv,morpholog,studi,biopsi,sural,nerv,patient"
"autopsi,case,x,link,recess,bulbar,spinal,muscular,atrophi"
"famili,bulbo,spinal,muscular,atrophi,associ,testicular,atrophi,sensori,neuropathi,kennedi,alter,sung,syndrom,autopsi,case,report,brother"
"x,chromosom,link,bulbospin,neuronopathi,adult"
"famili,case,late,recess,x,link,kennedi,spinal,bulbar,amyotrophi"
"x,link,recess,bulbospin,neuronopathi,clinicopatholog,studi"
"case,kennedi,alter,sung,syndrom,associ,extern,ophthalmoplegia,therapeut,efficaci,fluoxymesteron"
"hyperestrogenemia,neuromuscular,diseas"
"case,present,manifest,bulbospin,muscular,atrophi,senil,onset,rapid,progress,mark,asymmetri"
"muscl,fiber,type,abnorm,bulbospin,muscular,atrophi,comparison,amyotroph,later,sclerosi"
"sensori,nerv,involv,x,link,bulbospin,amyotrophi,kennedi,syndrom,contribut,electrophysiolog,histolog,data"
"chang,neural,conduct,spinal,muscular,atrophi,kennedi,type"
"analysi,oculomotor,disord,motor,neuron,diseas"
"sandhoff,diseas,mimick,adult,onset,bulbospin,neuronopathi"
"chromosom,x,link,recess,bulbospin,neuronopathi,kennedi,syndrom"
"loss,spinal,anterior,horn,cell,x,link,recess,bulbospin,muscular,atrophi,morphometr,studi,lower,motoneuron,loss"
"phosphoryl,high,molecular,weight,neurofila,protein,lower,motor,neuron,amyotroph,later,sclerosi,neurodegen,diseas,involv,ventral,horn,cell"
"mri,find,tongu,neurodegen,diseas,bulbar,sign"
"comput,tomograph,analys,skelet,muscl,bulbar,spinal,muscular,atrophi"
"progress,famili,myoclon,epilepsi,bulbo,spinal,amyotrophi,clinic,electrophysiolog,studi,biopsi,case"
"x,link,spinal,muscular,atrophi,kennedi,syndrom,kindr,hypobetalipoproteinemia"
"case,bulbospin,muscular,atrophi,chief,complaint,sensori,disord,lower,extrem"
"sporad,case,bulbospin,muscular,atrophi,late,onset"
"candid,gene,x,link,spinal,muscular,atrophi"
"case,kennedi,alter,sung,syndrom,type,iia,hyperlipidemia,studi,sex,hormon,receptor,lipid,metabol"
"clinic,electrodiagnost,featur,x,link,recess,bulbospin,neuronopathi"
"serum,manganes,superoxid,dismutas,patient,neuromuscular,disord,judg,elisa"
"androgen,receptor,gene,mutat,x,link,spinal,bulbar,muscular,atrophi"
"electrophysiolog,character,x,link,recess,bulbospin,neuronopathi,xrbsn"
"androgen,receptor,mutant,affect,normal,growth,develop"
"myoton,dystrophi,case,repeat"
"novel,primer,extens,method,detect,number,cag,repeat,androgen,receptor,gene,famili,x,link,spinal,bulbar,muscular,atrophi"
"dna,diagnosi,x,link,recess,bulbospin,muscular,atrophi,androgen,receptor,gene,mutat"
"central,motor,sensori,conduct,x,link,recess,bulbospin,neuronopathi"
"triplet,repeat,mutat,human,diseas"
"x,link,recess,bulbospin,neuronopathi"
"bulbospin,neuronopathi"
"moder,instabl,trinucleotid,repeat,spino,bulbar,muscular,atrophi"
"androgen,receptor,abnorm,x,link,spinal,bulbar,muscular,atrophi"
"mother,son,autosom,domin,bulbar,spinal,muscular,atrophi"
"analysi,cag,repeat,region,androgen,receptor,gene,kindr,x,link,spinal,bulbar,muscular,atrophi"
"molecular,genet,clinic,aspect,inherit,disord,nerv,muscl"
"x,link,spinomuscular,atrophi,kindr,associ,abnorm,androgen,receptor,bind"
"human,gene,contain,polymorph,trinucleotid,repeat"
"sever,x,link,recess,bulbospin,neuronopathi,correl,size,tandem,cag,repeat,androgen,receptor,gene"
"meiotic,stabil,genotyp,phenotyp,correl,trinucleotid,repeat,x,link,spinal,bulbar,muscular,atrophi"
"strong,correl,number,cag,repeat,androgen,receptor,gene,clinic,onset,featur,spinal,bulbar,muscular,atrophi"
"dna,structur,mutat,human,genet,diseas"
"kennedi,diseas,clinic,present,laboratori,diagnosi"
"famili,case,kennedi,x,link,bulbospin,amyotrophi"
"x,link,bulbospin,muscular,atrophi,kennedi,syndrom,report,case"
"molecular,genet,advanc,fragil,x,syndrom"
"novel,gene,contain,trinucleotid,repeat,expand,unstabl,huntington,diseas,chromosom,huntington,diseas,collabor,research,group"
"kennedi,diseas,clinicopatholog,correl,mutat,androgen,receptor,gene"
"kennedi,diseas,genet,diagnosi,inherit,form,motor,neuron,diseas"
"androgen,receptor,gene,polymorph,amyotroph,later,sclerosi"
"case,x,link,recess,bulbospin,muscular,atrophi,demyelin,neuropathi,hypertrophi,calv"
"cryptic,repeat,triplet,purin,pyrimidin,crri,frequent,polymorph,analysi,code,crri,proopiomelanocortin,pomc,tata,bind,protein,tbp,gene"
"golgi,apparatus,motor,neuron,amyotroph,later,sclerosi"
"gene,triplet,repeat,candid,mediat,neuropsychiatr,disord"
"distribut,androgen,receptor,like,protein,central,nervous,rat,human,medulla,spinal,cord,immunohistochem,studi"
"late,onset,x,link,recess,bulbospin,neuronopathi,mild,clinic,featur,mild,increas,size,tandem,cag,repeat,androgen,receptor,gene"
"subclin,phenotyp,express,heterozyg,femal,x,link,recess,bulbospin,neuronopathi"
"identif,androgen,receptor,rat,spinal,motoneuron,immunohistochem,immunoblot,analys,monoclon,antibodi"
"novel,primer,extens,method,detect,number,cag,repeat,androgen,receptor,gene,famili,x,link,spinal,bulbar,muscular,atrophi"
"reduc,transcript,regulatori,compet,androgen,receptor,x,link,spinal,bulbar,muscular,atrophi"
"tissu,variabl,androgen,receptor,gene,bulbospin,muscular,atrophi,comparison,number,cag,repeat,muscl,peripher,blood,leukocyt"
"triplet,repeat,sequenc,human,dna,detect,hybrid,synthet,5,cgg-3,17,oligodeoxyribonucleotid"
"muscl,cramp,result,impair,gaba,function,electrophysiolog,pharmacolog,observ"
"kennedi,diseas"
"molecular,genet,neurolog"
"singl,trinucleotid,5,agc3,5,gct3,triplet,repeat,diseas,gene,confer,metal,ion,induc,non,b,dna,structur"
"trinucleotid,repeat,neurolog,diseas,hypothesi,concern,pathogenesi,huntington,diseas,kennedi,diseas,spinocerebellar,ataxia,type"
"gene,triplet,repeat,new,class,mutat,caus,neurolog,diseas"
"enzymat,amplif,synthet,oligodeoxyribonucleotid,implic,triplet,repeat,expans,human,genom"
"distribut,trinucleotid,repeat,sequenc,2,mbp,region,contain,huntington,diseas,gene"
"complex,genet,diseas,genet,strategi,alzheim,diseas,new,genet,mechan,appli,epilepsi"
"clinic,genet,studi,infantil,juvenil,proxim,spinal,muscular,atrophi"
"aberr,androgen,action,increas,size,tandem,cag,repeat,androgen,receptor,gene,x,link,recess,bulbospin,neuronopathi"
"diseas,specif,pattern,neuron,loss,spinal,ventral,horn,amyotroph,later,sclerosi,multipl,atrophi,x,link,recess,bulbospin,neuronopathi,special,refer,loss,small,neuron,intermedi,zone"
"dna,diagnosi,bulbospin,muscular,atrophi"
"exon,trinucleotid,repeat,express,androgen,receptor,gene,spinal,cord,x,link,spinal,bulbar,muscular,atrophi"
"x,link,recess,bulbospin,neuronopathi,kennedi,syndrom,neurophysiolog,studi"
"distribut,androgen,receptor,bulbo,spinal,muscular,atrophi"
"trinucleotid,repeat,expans,human,genet,diseas"
"x,link,bulbospinomuscular,atrophi,kennedi,diseas,masquerad,lead,neuropathi"
"androgen,insensit,syndrom"
"instabl,cag,repeat,huntington,diseas,relat,parent,transmiss,age,onset"
"molecular,genet,androgen,insensit,syndrom"
"benign,neurogen,amyotrophi,klinefelt,syndrom"
"capillari,electrophoresi,polymeras,chain,reaction,amplifi,product,polym,network,case,kennedi,diseas"
"analysi,cag,trinucleotid,repeat,mous,cdna,sequenc"
"molecular,basi,diagnosi,neurogenet,disord"
"bilater,seventh,nerv,palsi,analysi,43,case,review,literatur"
"disord,motor,neuron"
"length,locat,cag,trinucleotid,repeat,androgen,receptor,n,termin,domain,affect,transactiv,function"
"express,androgen,receptor,x,link,spinal,bulbar,muscular,atrophi,amyotroph,later,sclerosi"
"kennedi,syndrom,differenti,diagnosi,amyotroph,later,sclerosi,slow,progress,good,prognosi"
"decreas,androgen,bind,effect,androgen,treatment,case,x,link,bulbospin,neuronopathi"
"trinucleotid,repeat,expans,neurolog,diseas"
"androgen,receptor,mrna,increas,size,tandem,cag,repeat,wide,express,neural,nonneur,tissu,x,link,recess,bulbospin,neuronopathi"
"expans,triplet,repeat,neurodegen,disord"
"x,link,muscular,atrophi,androgen,receptor"
"molecular,genet,studi,famili,kennedi,syndrom,includ,symptomat,heterozygot"
"risk,estim,develop,motor,neuron,diseas,degre,relat"
"genet,anticip,schizophrenia,pro"
"54-year,old,man,progress,proxim,muscl,atrophi,gynecomastia"
"androgen,receptor,gene,cag,n,repeat,analysi,differenti,diagnosi,kennedi,diseas,motoneuron,disord"
"stabil,expand,trinucleotid,repeat,androgen,receptor,gene,transgen,mice"
"cag,repeat,length,variat,sperm,patient,kennedi,diseas"
"abnorm,androgen,receptor,bind,affin,subject,kennedi,diseas,spinal,bulbar,muscular,atrophi"
"unstabl,gene,unstabl,mind"
"unstabl,triplet,repeat,sequenc,sourc,cancer,mutat"
"degener,anticip,systemat,histor,scientif,aspect,genet,neuropsychiatr,diseas"
"primari,sensori,neuron,x,link,recess,bulbospin,neuropathi,histopatholog,androgen,receptor,gene,express"
"evid,repress,function,long,polyglutamin,tract,human,androgen,receptor,possibl,pathogenet,relev,cag,n,expand,neuronopathi"
"differenti,diagnosi,spinal,bulbar,muscular,atrophi,clinic,molecular,aspect"
"distribut,androgen,receptor,bulbospin,muscular,atrophi"
"androgen,control,specif,gene,express,neuroblastoma,cell"
"androgen,receptor,mutat"
"expand,trinucleotid,repeat,kennedi,diseas"
"defect,androgen,receptor,function,sex,revers,motor,neuron,diseas"
"kennedi,diseas,report,2,case"
"spinal,bulbar,muscular,atrophi,trinucleotid,repeat,expans,neurodegen,diseas"
"kennedi,diseas,clinic,molecular,studi,italian,famili"
"molecular,genet,peripher,neuropathi"
"region,cerebr,blood,flow,neuropsycholog,perform,danish,famili,x,link,bulbo,spinal,neuronopathi"
"new,mechan,mutat,man,expans,trinucleotid,repeat"
"type,iv,hyperlipoproteinemia,moder,instabl,cag,triplet,expans,androgen,receptor,gene,lipid,sex,hormon,molecular,studi,chines,famili,kennedi,alter,sung,diseas"
"patient,kennedi,alter,sung,syndrom,show,cardiomyopathi"
"x,link,recess,bulbospin,neuropathi,kennedi,syndrom"
"x,link,recess,bulbospin,neuronopathi,clinic,phenotyp,cag,repeat,size,androgen,receptor,gene"
"x,link,recess,bulbospin,neuronopathi,sbma"
"founder,neurolog,moritz,heinrich,romberg,hiroshi,kawahara"
"provoc,aspect,androgen,genet"
"x,link,recess,spinal,bulbar,muscular,atrophi,kennedi,syndrom"
"somat,stabil,expand,cag,trinucleotid,repeat,x,link,spinal,bulbar,muscular,atrophi"
"trinucleotid,repeat,neurogenet,disord"
"differenti,pattern,tissu,specif,somat,mosaic,expand,cag,trinucleotid,repeat,dentatorubr,pallidoluysian,atrophi,machado,joseph,diseas,x,link,recess,spinal,bulbar,muscular,atrophi"
"disaggreg,polyribosom,spinal,anterior,horn,cell,patient,x,link,spinal,bulbar,muscular,atrophi"
"neurogenet,diseas,molecular,diagnosi,therapeut,approach"
"spinal,bulbar,muscular,atrophi,androgen,receptor,dysfunct,caus,trinucleotid,repeat,expans"
"testosteron,therapi,pathogenesi,kennedi,diseas,x,link,bulbospin,muscular,atrophi"
"x,link,bulbar,spinal,muscular,atrophi,kennedi,diseas,clinic,neurophysiolog,neuropatholog,neuropsycholog,molecular,studi,larg,famili"
"prenat,diagnosi,x,link,spinal,bulbar,muscular,atrophi,greek,famili"
"case,kennedi,alter,sung,kas,syndrom,present,hypersexu,elev,serum,ck,use,genet,analysi"
"cag,repeat,expans,androgen,receptor,kennedi,diseas,loss,function,mutat"
"polymeras,chain,reaction,base,test,spinal,bulbar,muscular,atrophi"
"molecular,basi,androgen,insensit"
"immunohistochem,local,immunoblot,androgen,receptor,spinal,neuron,male,femal,rat"
"case,x,link,bulbospin,muscular,atrophi,bilater,abductor,vocal,cord,paralysi"
"sensori,involv,x,link,spino,bulbar,muscular,atrophi,kennedi,syndrom,electrophysiolog,studi"
"clinic,molecular,spectrum,androgen,insensit,syndrom"
"androgen,receptor,prostat,cancer"
"case,x,link,bulbar,spinal,muscular,atrophi,impair,neuromuscular,transmiss"
"famili,bulbospin,neuronopathi,optic,atrophi,distinct,entiti"
"spinocerebellar,ataxia,type-1,spinobulbar,muscular,atrophi,gene,product,interact,glyceraldehyde-3-phosph,dehydrogenas"
"founder,effect,spinal,bulbar,muscular,atrophi,sbma"
"mitot,meiotic,stabil,cag,repeat,x,link,spinal,bulbar,muscular,atrophi,gene"
"analysi,polyglutamin,code,repeat,tata,bind,protein,differ,human,popul,patient,schizophrenia,bipolar,affect,disord"
"transcript,activ,androgen,receptor,x,link,spinal,bulbar,muscular,atrophi"
"neurolog,disord,associ,impair,glucos,toler"
"studi,androgen,receptor,express,neuron,vulner,x,link,spinal,bulbar,muscular,atrophi"
"reduc,androgen,receptor,gene,express,exon,cag,repeat,expans"
"trinucleotid,repeat,disord,human,discuss,mechan,medic,issu"
"x,chromosom,bulbospin,neuropathi,x,bsn,kennedi,syndrom,ill,repetit,triplet,sequenc,case,report,differenti,diagnosi,molecular,genet,aspect"
"proxim,spinal,muscular,atrophi,adult"
"juvenil,adult,form,spinal,muscular,atrophi"
"motor,neuron,diseas,present"
"later,corticospin,tract,spinal,ventral,horn,x,link,recess,spinal,bulbar,muscular,atrophi,quantit,studi"
"molecular,analysi,androgen,receptor,gene,kennedi,diseas,report,famili,review,literatur"
"molecular,genet,triplet,repeat,unstabl,expans,triplet,repeat,new,mechan,neurodegen,diseas"
"dna,diagnosi,famili,case,kennedi,spinal,bulbar,amyotrophi"
"character,expand,glutamin,repeat,androgen,receptor,neuron,cell,cultur"
"atyp,clinic,present,x,link,spinal,bulbar,muscular,atrophi,patient,mild,cag,expans,androgen,receptor,gene"
"dna,diagnosi,bulbospin,muscular,atrophi,kennedi,diseas"
"abnorm,cortic,inhibitori,neuron,amyotroph,later,sclerosi"
"effect,androgen,receptor,polyglutamin,tract,expans,prolifer,ng108-15,cell"
"instabl,high,expand,cag,repeat,mice,transgen,huntington,diseas,mutat"
"isol,bilater,masset,atrophi,x,link,recess,bulbospin,neuronopathi"
"characterist,electrodiagnost,featur,kennedi,diseas"
"x,link,spinal,bulbar,muscular,atrophi,myasthen,symptom"
"assess,androgen,receptor,function,genit,skin,fibroblast,use,recombin,adenovirus,deliv,androgen,respons,report,gene"
"kennedi,diseas"
"new,type,hereditari,motor,sensori,neuropathi,link,chromosom,3"
"neuropatholog,cag,repeat,diseas,review,updat,genet,molecular,featur"
"cag,polyglutamin,tract,diseas,gene,product,molecular,pathogenesi"
"mous,model,human,cag,repeat,disord"
"triplet,repeat,gene,sequenc,neuropsychiatr,diseas"
"spinobulbar,muscular,atrophi,mimic,al,import,genet,test,male,patient,atyp,al"
"reduct,androgen,receptor,mrna,motoneuron,x,link,spinal,bulbar,muscular,atrophi"
"cag,repeat,expans,autosom,domin,pure,spastic,paraplegia,link,chromosom,2p21-p24"
"long,polyglutamin,tract,androgen,receptor,associ,reduc,tran,activ,impair,sperm,product,male,infertil"
"rat,androgen,bind,protein,abp,shbg,gene,contain,triplet,repeat,similar,unstabl,triplet,evid,abp,shbg,fragil,x,relat,2,gene,overlap"
"improv,polymeras,chain,reaction,condit,quick,diagnost,huntington,diseas"
"androgen,receptor,gene,cag,n,spinal,bulbar,muscular,atrophi,normal,child,popul,hungari"
"truncat,form,androgen,receptor,associ,polyglutamin,expans,x,link,spinal,bulbar,muscular,atrophi"
"somat,mosaic,expand,cag,trinucleotid,repeat,mrnas,respons,gene,machado,joseph,diseas,mjd,dentatorubr,pallidoluysian,atrophi,drpla,spinal,bulbar,muscular,atrophi,sbma"
"progress,proxim,spinal,bulbar,muscular,atrophi,late,onset,sex,link,recess,trait"
"spinobulbar,muscular,atrophi,polyglutamin,expand,androgen,receptor,proteolyt,resist,vitro,process,abnorm,transfect,cell"
"new,missens,substitut,mutat,hot,spot,androgen,receptor,sibl,complet,androgen,insensit,syndrom"
"express,androgen,receptor,mrna,mous,embryogenesi"
"caspas,cleavag,gene,product,associ,triplet,expans,disord,generat,truncat,fragment,contain,polyglutamin,tract"
"cleavag,aggreg,toxic,expand,androgen,receptor,spinal,bulbar,muscular,atrophi"
"x,link,recess,bulbospin,neuronopathi,clinic,molecular,studi,taiwanes,famili"
"androgen,receptor,yac,transgen,mice,carri,cag,45,allel,trinucleotid,repeat,instabl"
"androgen,insensit,syndrom,era,molecular,genet,internet,point,view"
"x,chromosom,bulbospin,muscular,atrophi,kennedi,syndrom"
"discord,repeat,size,phenotyp,kennedi,syndrom"
"kennedi,diseas,unusu,molecular,patholog,clinic,featur"
"nuclear,inclus,androgen,receptor,protein,spinal,bulbar,muscular,atrophi"
"real,time,sonograph,imag,fascicul"
"high,preval,kennedi,diseas,western,finland,syndrom,underdiagnos"
"evolut,primat,androgen,receptor,structur,basi,diseas"
"nonneur,nuclear,inclus,androgen,receptor,protein,spinal,bulbar,muscular,atrophi"
"x,chromosom,recess,spinobulbar,muscular,atrophi,kennedi,type,descript,famili,clinic,aspect,molecular,genet,differenti,diagnosi,therapi"
"spinal,bulbar,muscular,atrophi,sbma,somat,stabil,expand,cag,repeat,fetal,tissu"
"hereditari,neurolog,diseas,caus,amplif,triplet,repetit"
"caspase-3,cleav,expand,androgen,receptor,protein,spinal,bulbar,muscular,atrophi,polyglutamin,repeat,length,depend,manner"
"larger,cag,expans,skelet,muscl,compar,lymphocyt,kennedi,diseas,huntington,diseas"
"androgen,receptor,transactiv,domain,control,spermatogenesi"
"simpl,nonisotop,assay,detect,cag,n,repeat,expans,associ,seven,neurodegen,disord"
"x,link,recess,bulbospin,muscular,atrophi,kennedi,diseas,famili,studi"
"import,number,trinucleotid,repeat,expans,clinic,manifest,huntington,chorea"
"kennedi,diseas,caspas,cleavag,androgen,receptor,crucial,event,cytotox"
"singl,sperm,analysi,cag,repeat,gene,dentatorubr,pallidoluysian,atrophi,drpla,instabl,cag,repeat,drpla,gene,promin,cag,repeat,diseas"
"genom,instabl,neurodegen,diseas"
"clinic,molecular,aspect,androgen,receptor,defect"
"assess,upper,lower,motor,neuron,kennedi,diseas,implic,corticomotoneuron,psth,studi"
"grow,gene,caus,neurolog,diseas"
"polyglutamin,expand,androgen,receptor,form,aggreg,sequest,heat,shock,protein,proteasom,compon,src-1,suppress,hdj-2,chaperon"
"somat,mosaic,expand,cag,trinucleotid,repeat,spinal,bulbar,muscular,atrophi,sbma"
"transcript,regul,subcellular,local,mutant,androgen,receptor,spinal,bulbar,muscular,atrophi"
"vitro,aggreg,cellular,toxic,mutant,androgen,receptor,protein,spinal,bulbar,muscular,atrophi"
"neurodegener,xeroderma,pigmentosum,trinucleotid,repeat,mutat,analysi"
"x,link,recess,bulbospin,neuronopathi,kennedi,syndrom"
"cag,repeat,contract,androgen,receptor,gene,brother,mental,retard"
"dissoci,small,hand,muscl,involv,amyotroph,later,sclerosi,detect,motor,unit,number,estim"
"linkag,kennedi,neuron,diseas,ara24,identifi,androgen,receptor,polyglutamin,region,associ,coactiv"
"cag,repeat,androgen,receptor,case,spinal,bulbar,muscular,atrophi,associ,prostat,cancer"
"cerebellar,allograft,surviv,transient,allevi,ataxia,transgen,model,spinocerebellar,ataxia,type-1"
"molecular,defect,androgen,receptor"
"spinal,bulbar,muscular,atrophi,sbma,kennedi,alter,sung,diseas"
"androgen,receptor,mutat,kennedi,diseas"
"express,gdnf,gdnfr,alpha,mrnas,muscl,patient,motor,neuron,diseas"
"tissu,specif,somat,mosaic,spinal,bulbar,muscular,atrophi,depend,cag,repeat,length,androgen,receptor,gene,express,level"
"molecular,mechan,regul,motor,neuron,develop,degener"
"dynam,mutat,hereditari,neurodegen,disord"
"random,x,chromosom,methyl,pattern,carrier,clinic,phenotyp,express,x,link,recess,bulbospin,neuronopathi"
"somatosensori,evok,potenti,x,link,recess,bulbospin,neuronopathi,case,demonstr"
"trinucleotid,repeat,polymorph,diseas,loci,mix,hungarian,popul"
"distinguish,clinic,electrodiagnost,featur,x,link,bulbospin,neuronopathi"
"diagnost,challeng,al"
"motoneuron,cell,death,correl,aggreg,format,androgen,receptor,contain,elong,polyglutamin,tract"
"proton,magnet,reson,spectroscopi,kennedi,syndrom"
"c619i,mutat,human,androgen,receptor,caus,inactiv,misloc,receptor,concomit,sequestr,src-1,steroid,receptor,coactiv,1"
"inhibit,p160-mediat,coactiv,increas,androgen,receptor,polyglutamin,length"
"amyotroph,later,sclerosi,mimic,syndrom,popul,base,studi"
"regul,expand,polyglutamin,protein,aggreg,nuclear,local,glucocorticoid,receptor"
"sensori,involv,spinal,bulbar,muscular,atrophi,kennedi,diseas"
"polyglutamin,repeat,length,influenc,human,androgen,receptor,c,jun,mediat,transcript"
"detect,amadori,product,1-hexitol,lysin,anterior,horn,amyotroph,later,sclerosi,spinobulbar,muscular,atrophi,spinal,cord,evid,earli,involv,glycat,motoneuron,diseas"
"famili,probabl,autosom,domin,bulbospin,muscular,atrophi,gynecomastia"
"size,cag,repeat,exon,1,androgen,receptor,gene,show,signific,relationship,impair,spermatogenesi,infertil,caucasoid,sampl,german,origin"
"molecular,basi,androgen,receptor,diseas"
"kennedi,diseas,report,case"
"genet,disord,motor,neuron"
"effect,heat,shock,heat,shock,protein,40,hdj-2,proteasom,inhibit,protein,aggreg,cellular,model,huntington,diseas"
"chaperon,hsp70,hsp40,suppress,aggreg,format,apoptosi,cultur,neuron,cell,express,truncat,androgen,receptor,protein,expand,polyglutamin,tract"
"increas,t,type,ca2,channel,activ,determin,cellular,toxic,neuron,cell,line,express,polyglutamin,expand,human,androgen,receptor"
"mutat,properti,spinal,bulbar,muscular,atrophi,diseas,allel"
"cytoplasm,local,choic,ligand,determin,aggreg,format,androgen,receptor,amplifi,polyglutamin,stretch"
"patholog,madra,type,motor,neuron,diseas,mmnd,histolog,immunohistochem,studi"
"nuclear,protein,cell,death,inherit,neuromuscular,diseas"
"triplet,repeat,expans,neuromuscular,diseas"
"glutamin,repeat,neurodegener"
"receptor,diseas,field,neurolog"
"phenotyp,manifest,associ,cag,repeat,expans,androgen,receptor,gene,male,patient,heterozyg,femal,clinic,molecular,studi,30,famili"
"cell,death,polyglutamin,diseas"
"comparison,number,cag,repeat,gene,androgen,receptor,control,yugoslav,popul,patient,schizophrenia"
"intracellular,process,toxic,truncat,androgen,receptor,nuclear,congophilia,associ,cell,death"
"founder,effect,spinal,bulbar,muscular,atrophi,sbma,scandinavia"
"cag,trinucleotid,repeat,androgen,receptor,gene,infertil,men,exhibit,stabl,inherit,femal,offspr,conceiv,icsi"
"creb,bind,protein,sequestr,expand,polyglutamin"
"sensori,ataxia,initi,clinic,symptom,x,link,recess,bulbospin,neuronopathi"
"progress,proxim,spinal,bulbar,muscular,atrophi,late,onset,sex,link,recess,trait"
"maxim,minim,motor,conduct,veloc,amyotroph,later,sclerosi,x,link,bulbospin,muscular,atrophi,measur,harayama,collis,method"
"protein,aggreg,pathogenesi,huntington,diseas,mechan,correl"
"gene,therapi,amyotroph,later,sclerosi,motor,neuron,diseas"
"complex,fascicul,origin,amyotroph,later,sclerosi,kennedi,diseas"
"express,expand,repeat,androgen,receptor,produc,neurolog,diseas,transgen,mice"
"vivo,expans,trinucleotid,repeat,yield,plasmid,yac,construct,target,transgenesi"
"patholog,cag,repeat,diseas"
"creatin,kinas,revisit"
"thirti,seven,cag,repeat,androgen,receptor,gene,healthi,individu"
"select,vulner,nerv,cell,huntington,diseas"
"spinal,bulbar,muscular,atrophi,tongu,atrophi"
"diagnosi,motor,neuropathi"
"larger,trinucleotid,repeat,size,androgen,receptor,gene,infertil,men,extrem,sever,oligozoospermia"
"transgen,mice,expand,cag,repeat,control,human,ar,promot,polyglutamin,nuclear,inclus,neuron,dysfunct,neuron,cell,death"
"androgen,induc,cell,death,shsy5i,neuroblastoma,cell,express,wild,type,spinal,bulbar,muscular,atrophi,mutant,androgen,receptor"
"structur,function,alter,androgen,receptor,spinal,bulbar,muscular,atrophi"
"role,chaperon,nuclear,transloc,transactiv,steroid,receptor"
"molecular,pathogenesi,motor,neuron,diseas"
"molecular,basi,androgen,insensit"
"undermasculin,genitalia,boy,abnorm,expand,cag,repeat,length,androgen,receptor,gene"
"multipl,founder,effect,spinal,bulbar,muscular,atrophi,sbma,kennedi,diseas,world"
"clinic,electrophysiolog,upper,lower,motor,neuron,amyotroph,later,sclerosi"
"clinic,implic,genet,al,motor,neuron,diseas"
"triplet,repeat,diseas,particular,emphasi,spinal,bulbar,muscular,atrophi,sbma"
"preimplant,genet,diagnosi,spinal,bulbar,muscular,atrophi,sbma"
"identif,character,androgen,receptor,associ,coregul,prostat,cancer,cell"
"muscular,atrophi,spinal,bulbar,sbma,x,link,kennedi,type"
"cervic,spondylot,myopathi,kennedi,syndrom,mimick,amyotroph,later,sclerosi"
"dopaminerg,pathway,involv,kennedi,diseas,neurophysiolog"
"kennedi,diseas,patient,progress,speech,disord"
"molecular,biolog,androgen,receptor,molecular,understand,clinic"
"clinic,featur,skew,x,chromosom,inactiv,femal,carrier,x,link,recess,spinal,bulbar,muscular,atrophi"
"transglutaminas,depend,format,protein,aggreg,possibl,biochem,mechan,polyglutamin,diseas"
"polyglutamin,tract,expans,androgen,receptor,motoneuron,model,spinal,bulbar,muscular,atrophi"
"cytochrom,c,oxidas,subunit,vb,interact,human,androgen,receptor,potenti,mechan,neurotox,spinobulbar,muscular,atrophi"
"protect,effect,chaperon,polyglutamin,diseas"
"molecular,pathogenesi,spinal,bulbar,muscular,atrophi"
"polyglutamin,expans,neurodegen,diseas"
"kennedi,diseas,triplet,repeat,disord,motor,neuron,diseas"
"kennedi,diseas,expans,cag,trinucleotid"
"glucocorticoid,modul,androgen,receptor,nuclear,aggreg,cellular,toxic,associ,distinct,form,solubl,expand,polyglutamin,protein"
"gene,diseas,androgen,receptor,gene,androgen,insensit,syndrom,spinal,bulbar,muscl,atrophi"
"idiopath,male,infertil,androgen,receptor"
"increas,cag,repeat,length,androgen,receptor,gene,risk,factor,male,subfertil"
"rescu,polyglutamin,mediat,cytotox,doubl,strand,rna,mediat,rna,interfer"
"molecular,chaperon,enhanc,degrad,expand,polyglutamin,repeat,androgen,receptor,cellular,model,spinal,bulbar,muscular,atrophi"
"epidemiolog,survey,x,link,bulbar,spinal,muscular,atrophi,kennedi,diseas,provinc,reggio,emilia,itali"
"simpl,effect,approach,detect,matern,cell,contamin,molecular,prenat,diagnosi"
"sensori,neuropathi,x,link,recess,bulbospin,neuronopathi"
"androgen,receptor,cag,repeat,modifi,carcinogenesi"
"comprehens,endocrin,descript,kennedi,diseas,reveal,androgen,insensit,link,cag,repeat,length"
"alter,transcript,regul,cell,express,expand,polyglutamin,androgen,receptor"
"mous,model,spinal,bulbar,muscular,atrophi"
"proton,mrs,kennedi,diseas,absolut,metabolit,macromolecular,concentr"
"androgen,receptor,elong,polyglutamin,tract,form,aggreg,alter,axon,traffick,mitochondri,distribut,motor,neuron,process"
"express,x,link,bulbospin,muscular,atrophi,kennedi,diseas,homozyg,women"
"polyglutamin,pathogenesi,emerg,unifi,mechan,huntington,diseas,relat,disord"
"testosteron,reduct,prevent,phenotyp,express,transgen,mous,model,spinal,bulbar,muscular,atrophi"
"androgen,depend,neurodegener,polyglutamin,expand,human,androgen,receptor,drosophila"
"ligand,promot,intranuclear,inclus,novel,cell,model,spinal,bulbar,muscular,atrophi"
"genet,modul,polyglutamin,toxic,protein,conjug,pathway,drosophila"
"syndrom,diseas,caus,mutat,trinucleotid,expans"
"jaw,drop,kennedi,diseas"
"ligand,depend,aggreg,polyglutamin,expand,androgen,receptor,neuron,cell"
"x,link,spinal,bulbar,muscular,atrophi,proxim,atrophi"
"androgen,receptor,molecular,patholog"
"x,link,bulbospin,neuronopathi,kennedi,diseas"
"trinucleotid,repeat,diseas,androgen,receptor,spinal,bulbar,muscular,atrophi"
"kennedi,syndrom,bulbo,spinal,muscular,atrophi"
"fatigu,abnorm,neuromuscular,transmiss,kennedi,diseas"
"somat,instabl,androgen,receptor,cag,repeat,normal,femal"
"molecular,mechan,trs,instabl"
"cag,repeat,polymorph,androgen,receptor,gene,male"
"aggresom,protect,cell,enhanc,degrad,toxic,polyglutamin,contain,protein"
"heat,shock,protein,70,chaperon,overexpress,amelior,phenotyp,spinal,bulbar,muscular,atrophi,transgen,mous,model,reduc,nuclear,local,mutant,androgen,receptor,protein"
"molecular,biolog,polyglutamin,diseas"
"hypercreatin,kinasemia,normal,complet,bed,rest,patient,x,link,spinobulbar,muscular,atrophi"
"hsp105alpha,suppress,aggreg,truncat,androgen,receptor,expand,cag,repeat,cell,toxic"
"mutat,dynein,link,motor,neuron,degener,defect,retrograd,transport"
"reduct,size,golgi,apparatus,spinal,anterior,horn,cell,patient,x,link,spinal,bulbar,muscular,atrophi"
"huntingtin,aggreg,toxic,huntington,diseas"
"leuprorelin,rescu,polyglutamin,depend,phenotyp,transgen,mous,model,spinal,bulbar,muscular,atrophi"
"kennedi,diseas,initi,manifest,endocrin,disord"
"kennedi,diseas"
"amyotroph,later,sclerosi,motor,neuron,diseas"
"polyglutamin,place,context"
"kennedi,diseas,avoid,misdiagnosi"
"transglutaminas,potenti,ligand,depend,proteasom,dysfunct,induc,polyglutamin,expand,androgen,receptor"
"kennedi,diseas,phosphoryl,polyglutamin,expand,form,androgen,receptor,regul,cleavag,caspase-3,enhanc,cell,death"
"defect,dynein,link,motor,neuron,degener,mice"
"androgen,receptor,function,revers,genet,model"
"protect,effect,estrogen,polyglutamin,expand,androgen,receptor,aggreg,mice"
"androgen,receptor,contain,expand,polyglutamin,tract,exhibit,progress,toxic,stabli,express,neuroblastoma,cell,line,sh,sy,5y"
"endocrin,mechan,diseas,express,degrad,androgen,receptor,mechan,clinic,implic"
"rare,fragil,site"
"transgen,mous,model,spinal,bulbar,muscular,atrophi,sbma"
"neuropathogen,form,huntingtin,androgen,receptor,inhibit,fast,axon,transport"
"repeat,expans,autosom,domin,neurodegen,disord,consensus,controversi"
"role,proteolysi,polyglutamin,disord"
"protein,aggreg,motor,neuron,disord"
"androgen,receptor,acetyl,site,mutat,caus,traffick,defect,misfold,aggreg,similar,expand,glutamin,tract"
"effect,polyglutamin,expans,human,androgen,receptor,abil,suppress,beta,catenin,tcf,lef,depend,transcript"
"screen,drug,protect,cytotox,polyglutamin,expand,androgen,receptor"
"dynam,mutat,human,disord,spinocerebellar,ataxia,review"
"use,epidur,anaesthesia,surgeri,patient,kennedi,diseas"
"genet,motor,neuron,diseas"
"ocular,myasthenia,gravi,associ,x,link,recess,spinal,bulbar,muscular,atrophi"
"polymorph,cag,repeat,length,androgen,receptor,gene,associ,neurodegener,heterozyg,femal,carrier,kennedi,diseas"
"polyglutamin,diminish,vegf,passag,motor,neuron,death"
"androgen,receptor,yac,transgen,mice,recapitul,sbma,motor,neuronopathi,implic,vegf164,motor,neuron,degener"
"degrad,properti,polyglutamin,expand,human,androgen,receptor,transfect,cell"
"energet,huntington,diseas"
"kennedi,diseas,insight,question"
"sodium,butyr,amelior,phenotyp,express,transgen,mous,model,spinal,bulbar,muscular,atrophi"
"character,intracellular,aggreg,use,fluoresc,tag,polyglutamin,expand,androgen,receptor"
"associ,spinal,bulbar,muscular,atrophi,myoton,dystrophi,type,1"
"role,heat,shock,protein,polyglutamin,neurodegener,mechan,hypothesi"
"spinal,bulbar,muscular,atrophi,ligand,depend,pathogenesi,therapeut,perspect"
"androgen,receptor,gene,mutat,databas,ardb,2004,updat"
"kennedi,diseas,pathogenesi,clinic,approach"
"castrat,restor,function,neurofila,alter,age,symptomat,male,transgen,mous,model,spinal,bulbar,muscular,atrophi"
"develop,therapeut,spinal,bulbar,muscular,atrophi,sbma"
"structur,function,consequ,glutamin,tract,variat,androgen,receptor"
"function,androgen,receptor,gene,regul"
"muscl,mri,find,x,link,spinal,bulbar,muscular,atrophi"
"year,follow,patient,spinal,bulbar,muscular,atrophi,treat,leuprorelin"
"clinic,electrophysiolog,featur,chines,patient,kennedi,diseas"
"develop,treatment,bulbospin,muscular,atrophi"
"bulbospin,muscular,atrophi,kennedi,diseas"
"mutat,vesicl,traffick,protein,vapb,caus,late,onset,spinal,muscular,atrophi,amyotroph,later,sclerosi"
"neurolog,cours,endocrin,dysfunct,triplet,repeat,size,spinal,bulbar,muscular,atrophi"
"vitro,regul,report,gene,transcript,androgen,receptor,af1,domain"
"intranuclear,organ,function,androgen,receptor"
"androgen,receptor,male,infertil"
"treatment,spinal,bulbar,muscular,atrophi"
"transcrani,magnet,stimul,lower,motor,neuron,diseas"
"increas,frequenc,long,androgen,receptor,cag,repeat,male,breast,cancer"
"polyglutamin,diseas,transport,problem,dead,traffic,jam,neuron,highway"
"widespread,nuclear,cytoplasm,accumul,mutant,androgen,receptor,sbma,patient"
"genet,molecular,pathogenesi,myoton,dystrophi"
"humara,genotyp,link,spinal,bulbar,muscular,dystrophi,diseas,risk,longer,use,dna,marker,forens,purpos"
"molecular,diagnosi,inherit,neuromuscular,disord,ii,applic,genet,test,neuromuscular,diseas"
"laryngospasm,underdiagnos,symptom,x,link,spinobulbar,muscular,atrophi"
"mr,patholog,comparison,upper,spinal,cord,differ,motor,neuron,diseas"
"unfold,protein,respons,modul,toxic,expand,glutamin,androgen,receptor"
"x,link,spinal,bulbar,muscular,atrophi,kennedi,diseas,long,term,electrophysiolog,evalu,case,report"
"famili,earli,onset,rapid,progress,x,link,spinal,bulbar,muscular,atrophi"
"cag,repeat,polymorph,androgen,receptor,ar,gene,sbma,patient,control,group"
"brachial,amyotroph,diplegia,patient,human,immunodefici,virus,infect,widen,spectrum,motor,neuron,diseas,occur,human,immunodefici,virus"
"progress,spinobulbar,muscular,atrophi,research,insight,neuron,dysfunct,caus,polyglutamin,expand,androgen,receptor"
"clinic,neurophysiolog,molecular,studi,12,patient,4,famili,spinal,bulbar,muscular,atrophi"
"phenotyp,variabl,kennedi,diseas,implic,earli,diagnost,featur"
"age,depend,differ,androgen,bind,affin,famili,spinal,bulbar,muscular,atrophi"
"kennedi,diseas,case,report"
"human,expand,polyglutamin,androgen,receptor,mutant,neurodegener,novel,ligand,target"
"overview,neuromuscular,disord,affect,respiratori,function"
"studi,androgen,receptor,function,genet,model"
"kennedi,diseas,phenotyp,posit,genet,studi,kugelberg,weland,diseas,case,report"
"jaw,drop,atyp,manifest,kennedi,diseas"
"17-aag,hsp90,inhibitor,amelior,polyglutamin,mediat,motor,neuron,degener"
"underedit,glur2,mrna,neuron,death,induc,molecular,chang,sporad,al,doe,occur,motor,neuron,als1,sbma"
"pharmacolog,induct,heat,shock,protein,allevi,polyglutamin,mediat,motor,neuron,diseas"
"dementia,frontal,lobe,type,kennedi,diseas"
"mutant,androgen,receptor,accumul,spinal,bulbar,muscular,atrophi,scrotal,skin,pathogen,marker"
"reflect,diseas,link,mutat,androgen,receptor"
"anim,model,kennedi,diseas"
"abnorm,germ,cell,matur,sertoli,cell,cytoskeleton,androgen,receptor,113,cag,knock,mice,reveal,toxic,effect,mutant,protein"
"small,molecul,ligand,induc,nucleotid,flip,cag,n,trinucleotid,repeat"
"comparison,androgen,receptor,cag,ggn,repeat,length,polymorph,human,ape"
"genet,famili,sporad,amyotroph,later,sclerosi"
"cortic,versus,spinal,dysfunct,amyotroph,later,sclerosi"
"pathogenesi,anim,model,therapeut,spinal,bulbar,muscular,atrophi,sbma"
"replac,mous,androgen,receptor,human,allel,demonstr,glutamin,tract,length,depend,effect,physiolog,tumorigenesi,mice"
"natur,histori,spinal,bulbar,muscular,atrophi,sbma,studi,223,japanes,patient"
"pharmacolog,genet,inhibit,hsp90-depend,traffick,reduc,aggreg,promot,degrad,expand,glutamin,androgen,receptor,stress,protein,induct"
"probabl,clinic,diagnosi,applic,intract,diseas,registr,parkinson,diseas,spinocerebellar,degener,amyotroph,later,sclerosi"
"covari,corticospin,effici,silent,period,motoneuron,diseas"
"biolog,activ,molecul,reduc,polyglutamin,aggreg,toxic"
"modul,hsp90,function,neurodegen,disord,molecular,target,therapi,diseas,caus,protein"
"jnk,mediat,pathogen,effect,polyglutamin,expand,androgen,receptor,fast,axon,transport"
"phenotyp,genet,studi,group,polish,patient,spinal,bulbar,muscular,atrophi"
"loss,endogen,androgen,receptor,protein,acceler,motor,neuron,degener,accentu,androgen,insensit,mous,model,x,link,spinal,bulbar,muscular,atrophi"
"aggreg,proteasom,case,elong,polyglutamin,aggreg,spinal,bulbar,muscular,atrophi"
"huntingtin,associ,protein,1,hap1,interact,androgen,receptor,ar,suppress,sbma,mutant,ar,induc,apoptosi"
"archaeal,proteasom,effect,degrad,aggreg,prone,protein,reduc,cellular,toxic,mammalian,cell"
"clinic,consequ,androgen,receptor,malfunct"
"cytosol,chaperonin,prevent,polyglutamin,toxic,alter,aggreg,state"
"androgen,depend,patholog,demonstr,myopath,contribut,kennedi,diseas,phenotyp,mous,knock,model"
"canadian,associ,neurosci,review,polyglutamin,expans,neurodegen,diseas"
"androgen,receptor,gene,major,modifi,speed,neuron,transmiss,intellig"
"administr,testosteron,result,revers,deterior,kennedi,diseas"
"structur,dynam,human,androgen,receptor,implic,prostat,cancer,neurodegen,diseas"
"solubl,androgen,receptor,oligom,underli,patholog,mous,model,spinobulbar,muscular,atrophi"
"revers,disrupt,dynactin,1-mediat,retrograd,axon,transport,polyglutamin,induc,motor,neuron,degener"
"differenti,diagnosi,atyp,subset,amyotroph,later,sclerosi"
"role,genet,survey,amyotroph,later,sclerosi"
"role,complementari,examin,amyotroph,later,sclerosi"
"amyotroph,later,sclerosi,differenti,diagnosi,frontier,form"
"clinic,characterist,amyotroph,later,sclerosi,subset"
"upper,motor,neuron,involv,x,link,recess,bulbospin,muscular,atrophi"
"allevi,neurodegener,anticanc,agent,hsp90,inhibitor,17-aag"
"ubiquitin,interact,motif,inhibit,aggreg,polyq,expand,huntingtin"
"frequent,atroph,group,mix,type,myofib,distinct,motor,neuron,syndrom"
"widespread,white,matter,chang,kennedi,diseas,voxel,base,morphometri,studi"
"asc-j9,amelior,spinal,bulbar,muscular,atrophi,phenotyp,degrad,androgen,receptor"
"pathogenesi,molecular,target,therapi,spinal,bulbar,muscular,atrophi"
"elev,creatin,kinas,transaminas,asymptomat,sbma"
"hsp40,molecul,target,ubiquitin,proteasom,decreas,inclus,format,model,polyglutamin,diseas"
"therapeut,strategi,polyglutamin,diseas"
"paradigm,shift,clinic,trial,neurodegen,diseas"
"akt,block,ligand,bind,protect,expand,polyglutamin,androgen,receptor,toxic"
"small,molecul,modul,epigenet,implic,gene,express,therapeut"
"chip,overexpress,reduc,mutant,androgen,receptor,protein,amelior,phenotyp,spinal,bulbar,muscular,atrophi,transgen,mous,model"
"hdac6,rescu,neurodegener,provid,essenti,link,autophagi,up"
"men,kennedi,diseas,reduc,risk,androgenet,alopecia"
"nationwid,survey,predict,genet,test,late,onset,incur,neurolog,diseas,japan"
"small,fiber,involv,spinobulbar,muscular,atrophi,kennedi,diseas"
"deplet,mitochondri,dna,leukocyt,patient,poli,q,diseas"
"cag,repeat,disord,model,human,neuropatholog,similar,differ"
"clinic,manifest,molecular,genet,spinal,bulbar,muscular,atrophi,report,5,case"
"multimod,evok,potenti,kennedi,diseas"
"pure,bulbar,motor,neuron,involv,link,abnorm,cag,repeat,expans,androgen,receptor,gene"
"spinal,bulbar,muscular,atrophi,skelet,muscl,patholog,male,patient,heterozyg,femal"
"hap1,sequest,subset,tbp,cytoplasm,inclus,specif,interact,conserv,tbp,core"
"androgen,receptor,modul,lesson,learn,prostat"
"cell,therapi,stem,cell,anim,model,motor,neuron,disord"
"low,yield,screen,patient,sporad,motor,neuron,diseas,kennedi,diseas"
"polyglutamin,diseas,emerg,concept,pathogenesi,therapi"
"role,polyglutamin,tract,androgen,receptor"
"al,excitatori,amino,acid"
"pathophysiolog,insight,motor,axon,function,kennedi,diseas"
"overexpress,wild,type,androgen,receptor,muscl,recapitul,polyglutamin,diseas"
"comparison,length,androgen,receptor,triplet,repeat,brain,blood,motor,neuron,diseas"
"cag,repeat,size,correl,electrophysiolog,motor,sensori,phenotyp,sbma"
"hyperestrogenemia,simul,kennedi,diseas"
"anim,model,neurodegen,diseas,road,diseas,modifi,therapi,spinal,bulbar,muscular,atrophi"
"histon,deacetylas,inhibitor,possibl,implic,neurodegen,disord"
"kennedi,diseas,lower,motor,neuron,model,identifi,upper,motor,neuron,physiolog,al"
"cortic,excit,test,distinguish,kennedi,diseas,amyotroph,later,sclerosi"
"androgen,receptor,kennedi,diseas,spinal,bulbar,muscular,atrophi"
"sporad,bulbospin,muscl,atrophi,facial,onset,sensori,neuropathi"
"high,skew,inactiv,wild,type,x,chromosom,asymptomat,femal,carrier,spinal,bulbar,muscular,atrophi,kennedi,diseas"
"molecular,genet,biomark,polyglutamin,diseas"
"natur,histori,spinal,bulbar,muscular,atrophi"
"enhanc,singl,motor,unit,inhibitori,respons,transcrani,magnet,stimul,amyotroph,later,sclerosi"
"histon,deacetylas,inhibitor,therapeut,agent,research,tool,deciph,motor,neuron,diseas"
"cortic,compens,associ,dysphagia,caus,select,degener,bulbar,motor,neuron"
"androgen,receptor,cag,glutamin,tract,mous,model,neurolog,diseas,cancer"
"common,motif,target,huntingtin,androgen,receptor,proteasom"
"rare,associ,antisynthetas,syndrom,kennedi,diseas"
"contribut,differ,androgen,receptor,domain,receptor,dimer,signal"
"androgen,receptor,function,motor,neuron,surviv,degener"
"walk,capac,evalu,6-minut,walk,test,spinal,bulbar,muscular,atrophi"
"multipl,phenotyp,manifest,x,link,spinobulbar,muscular,atrophi"
"advanc,research,phosphoryl,polyglutamin,diseas"
"kennedi,diseas,mimic,amyotroph,later,sclerosi,case,report"
"combin,3t,diffus,tensor,tractographi,1h-mr,spectroscopi,motor,neuron,diseas"
"human,spinal,cord,cell,promot,motoneuron,surviv,matur,vitro"
"consequ,poli,glutamin,repeat,length,conform,fold,androgen,receptor,amino,termin,domain"
"rna,bind,protein,hoip,acceler,polyq,induc,neurodegener,drosophila"
"spinal,bulbar,muscular,atrophi,motoneuron,muscl,diseas"
"chip,delet,reveal,function,redund,e3,ligas,promot,degrad,signal,protein,expand,glutamin,protein"
"chapter,8,spinobulbar,muscular,atrophi,kennedi,diseas"
"chapter,15,juvenil,amyotroph,later,sclerosi"
"mitochondri,abnorm,spinal,bulbar,muscular,atrophi"
"n,termin,polyglutamin,contain,fragment,inhibit,androgen,receptor,transactiv,function"
"androgen,receptor,knockout,knock,mous,model"
"proton,magnet,reson,spectroscopi,kennedi,diseas"
"17-dmag,amelior,polyglutamin,mediat,motor,neuron,degener,preserv,proteasom,function,sbma,model,mous"
"test,sensori,nerv,patient,kennedi,diseas"
"muscular,fatigu,decrement,respons,repetit,nerv,stimul,x,link,spinobulbar,muscular,atrophi"
"androgen,inhibit,androgen,receptor,promot,activ,motor,neuron"
"effect,aerob,train,patient,spinal,bulbar,muscular,atrophi,kennedi,diseas"
"hsp70,interact,protein,prevent,accumul,inclus,polyglutamin,diseas"
"decreas,cortic,somatosensori,finger,represent,x,link,recess,bulbospin,neuronopathi,kennedi,diseas,magnetoencephalograph,studi"
"amyotroph,later,sclerosi"
"recoveri,function,myogen,mous,model,spinal,bulbar,muscular,atrophi"
"brother,late,onset,muscl,weak,x,link,recess,spinal,bulbar,muscular,atrophi"
"polyglutamin,expand,androgen,receptor,truncat,fragment,activ,bax,depend,apoptot,cascad,mediat,dp5/hrk"
"aberr,e2f,activ,polyglutamin,expans,androgen,receptor,sbma,neurotox"
"case,seri,anesthet,manag,patient,spinal,bulbar,muscular,atrophi,kennedi,diseas"
"anti,androgen,treatment,spinal,bulbar,muscular,atrophi"
"phase,2,trial,leuprorelin,patient,spinal,bulbar,muscular,atrophi"
"cytoplasm,retent,polyglutamin,expand,androgen,receptor,amelior,diseas,autophagi,mous,model,spinal,bulbar,muscular,atrophi"
"quinin,respons,muscl,cramp,x,link,bulbospin,muscular,atrophi,kennedi"
"cognit,behaviour,deficit,clinic,pictur,kennedi,diseas,case,studi"
"decreas,brain,activ,tongu,movement,amyotroph,later,sclerosi,bulbar,involv,kennedi,syndrom"
"neuropatholog,therapeut,intervent,spinal,bulbar,muscular,atrophi"
"abnorm,eye,movement,kennedi,diseas"
"bulbar,spinal,muscular,atrophi,kennedi,diseas,review"
"kennedi,diseas,postop,complic"
"pathogenesi,target,therapeut,spinal,bulbar,muscular,atrophi,sbma"
"small,ubiquitin,like,modifi,sumo,modif,androgen,receptor,attenu,polyglutamin,mediat,aggreg"
literatur
"select,occurr,tdp-43-immunoreact,inclus,lower,motor,neuron,machado,joseph,diseas"
"serum,creatin,kinas,level,spinobulbar,muscular,atrophi,amyotroph,later,sclerosi"
"frontotempor,cognit,function,x,link,spinal,bulbar,muscular,atrophi,sbma,control,neuropsycholog,studi,20,patient"
"microtubul,depend,format,stigmoid,bodi,cytoplasm,inclus,distinct,patholog,aggresom"
"correl,cag,repeat,size,age,onset,patient,kennedi,diseas"
"diseas,caus,triplet,expans"
"dysphagia,x,link,bulbospin,muscular,atrophi,kennedi,diseas"
"weak,man,x,chromosom,associ,progress,bulbospin,neuropathi,bulbospin,amyotrophi,kennedi,syndrom"
"standard,modifi,statist,mune,evalu,spinal,bulbar,muscular,atrophi"
"igf-1,elixir,motor,neuron,diseas"
"overexpress,igf-1,muscl,attenu,diseas,mous,model,spinal,bulbar,muscular,atrophi"
"alter,rna,splice,contribut,skelet,muscl,patholog,kennedi,diseas,knock,mice"
"molecular,target,therapi,motor,neuron,diseas"
"postur,tremor,x,link,spinal,bulbar,muscular,atrophi"
"autophagi,access,understand,role,androgen,receptor,subcellular,local,sbma"
"determin,doubl,discharg,amyotroph,later,sclerosi,kennedi,diseas"
"triplet,repeat,length,bias,variat,human,transcriptom"
"clinic,featur,spinal,bulbar,muscular,atrophi"
"role,androgen,receptor,male,femal,reproduct,lesson,global,cell,specif,androgen,receptor,knockout,arko,mice"
"profil,motor,unit,number,estim,mune,spinal,bulbar,muscular,atrophi"
"molecular,target,therapi,neurodegen,diseas"
"molecular,target,therapi,spinal,bulbar,muscular,atrophi"
"japanes,societi,neurolog,commemor,50th,anniversari,found"
"mitochondri,dna,damag,spinal,bulbar,muscular,atrophi,patient,carrier"
"f,actin,bind,region,androgen,receptor,huntingtin,increas,aggreg,alter,aggreg,characterist"
"phenotyp,differ,larg,famili,kennedi,diseas,middl,black,sea,region,turkey"
"neurodegen,polyglutamin,expans,diseas,physiopatholog,therapeut,strategi"
"spinal,bulbar,muscular,atrophi"
"case,famili,amyotroph,later,sclerosi,sod1l126,mutat,show,high,age,onset,slow,progress"
"flightless,fli,drosophila,model,neuromuscular,diseas"
"end,wheelchair,strang,way"
"brain,base,analysi,region,white,matter,tract,alter,rare,motor,neuron,diseas,diffus,tensor,imag"
"b2,attenu,polyglutamin,expand,androgen,receptor,toxic,cell,fli,model,spinal,bulbar,muscular,atrophi"
"inhibit,hsp70,methylen,blue,affect,signal,protein,function,ubiquitin,modul,polyglutamin,protein,degrad"
"studi,clinic,manifest,genotyp,genet,characterist,kennedi,diseas,pedigre"
"dnajb2,express,normal,diseas,human,mous,skelet,muscl"
"disrupt,transform,growth,factor,beta,signal,spinal,bulbar,muscular,atrophi"
"spontan,format,polyglutamin,nanotub,molecular,dynam,simul"
"simpl,composit,phenotyp,score,evalu,mous,model,cerebellar,ataxia"
"current,understand,pathogenesi,polyglutamin,diseas"
"efn,guidelin,molecular,diagnosi,neurogenet,disord,motoneuron,peripher,nerv,muscl,disord"
"proteasom,autophag,degrad,activ,spinal,bulbar,muscular,atrophi"
"novel,antibodi,reveal,inclus,contain,non,nativ,sod1,sporad,al,patient"
"prenat,flutamid,enhanc,surviv,myogen,mous,model,spinal,bulbar,muscular,atrophi"
"clinic,featur,molecular,mechan,spinal,bulbar,muscular,atrophi,sbma"
"renew,hope,treatment,spinal,bulbar,muscular,atrophi"
"efficaci,safeti,leuprorelin,patient,spinal,bulbar,muscular,atrophi,jasmitt,studi,multicentr,randomis,doubl,blind,placebo,control,trial"
"17-aag,increas,autophag,remov,mutant,androgen,receptor,spinal,bulbar,muscular,atrophi"
"global,gene,express,profil,somat,motor,neuron,popul,differ,vulner,identifi,molecul,pathway,degener,protect"
"interdomain,interact,androgen,receptor,requir,aggreg,toxic,spinal,bulbar,muscular,atrophi"
"skelet,muscl,motor,neuron,diseas,therapeut,target,deliveri,rout,potenti,treatment"
"perspect,kennedi,diseas"
"therapeut,approach,spinal,bulbar,muscular,atrophi"
"nativ,function,androgen,receptor,essenti,pathogenesi,drosophila,model,spinobulbar,muscular,atrophi"
"microarray,analysi,gene,express,skelet,muscl,mous,model,kennedi,diseas,spinal,bulbar,muscular,atrophi"
"clinic,featur,genet,diagnosi,kennedi,diseas"
"transform,growth,factor,î,signal,motor,neuron,diseas"
"efficaci,safeti,dutasterid,patient,spinal,bulbar,muscular,atrophi,randomis,placebo,control,trial"
"dutasterid,spinal,bulbar,muscular,atrophi"
"mutant,cag,repeat,huntingtin,transcript,fold,hairpin,form,nuclear,foci,target,rna,interfer"
"role,androgen,receptor,cag,repeat,polymorph,prostat,cancer,spinal,bulbar,muscular,atrophi"
"absenc,disturb,axon,transport,spinal,bulbar,muscular,atrophi"
"interact,ataxin-3,huntingtin,associ,protein,1,josephin,domain"
"clarifi,variabl,corticomotoneuron,function,kennedi,diseas"
"neurotox,effect,androgen,spinal,bulbar,muscular,atrophi"
"molecular,mechan,androgen,action,histor,perspect"
"tremor,x,link,recess,spinal,bulbar,muscular,atrophi,kennedi,diseas"
"evalu,spinal,bulbar,muscular,atrophi,cluster,index,method"
"doubl,troubl,spinal,muscular,atrophi,type,ii,seroposit,myasthenia,gravi,patient"
"impair,motoneuron,retrograd,transport,model,sbma,implic,site,androgen,action"
"huntingtonâ,s,diseas,pathogenesi,mechan,pathway"
"molecular,target,therapi,spinal,bulbar,muscular,atrophi,sbma"
"case,spinal,bulbar,muscular,atrophi,high,stage,high,gleason,score,prostat,cancer,respond,maxim,androgen,blockad,therapi"
"differ,chronolog,chang,outcom,measur,untreat,placebo,treat,patient,spinal,bulbar,muscular,atrophi"
"testosteron,treatment,fail,acceler,diseas,transgen,mous,model,spinal,bulbar,muscular,atrophi"
"clinic,genet,analysi,pedigre,kennedi,diseas"
"subclin,autonom,dysfunct,spinobulbar,muscular,atrophi,kennedi,diseas"
"macroautophagi,regul,upr,mediat,chop,accentu,phenotyp,sbma,mice"
"sirt1,modul,aggreg,toxic,deacetyl,androgen,receptor,cell,model,sbma"
"molecular,pathophysiolog,diseas,modifi,therapi,spinal,bulbar,muscular,atrophi"
"dynam,mutat"
"kennedi,diseas,clinic,signific,tandem,repeat,androgen,receptor"
"cag,repeat,length,androgen,receptor,gene,associ,amyotroph,later,sclerosi"
"discrimin,spinal,bulbar,muscular,atrophi,amyotroph,later,sclerosi,use,sensori,nerv,action,potenti"
"develop,diseas,modifi,therapi,neurodegen,diseas"
"tgf,beta,signal,neurodegen,diseas"
"electrodiagnosi,al,practic,aspect"
"case,spinal,bulbar,muscular,atrophi"
"teach,video,neuroimag,spinal,bulbar,muscular,atrophi,mimick,essenti,tremor"
"disrupt,axon,transport,motor,neuron,diseas"
"neurogen,myogen,contribut,hereditari,motor,neuron,diseas"
"toxic,non,toxic,aggreg,sbma,normal,form,androgen,receptor,distinct,oligomer,structur"
"complic,cardiovascular,surgeri,case,undiagnos,spinal,bulbar,muscular,atrophi,kennedi,diseas"
"diseas,modifi,therapi,spinal,bulbar,muscular,atrophi,sbma"
"growth,assay,assess,polyglutamin,toxic,yeast"
"post,translat,modif,nuclear,receptor,human,diseas"
"pathogenesi,molecular,target,therapi,spinal,bulbar,muscular,atrophi,sbma"
"cancer,incid,patient,polyglutamin,diseas,popul,base,studi,sweden"
"disrupt,nongenom,testosteron,signal,model,spinal,bulbar,muscular,atrophi"
"pathogenesi,therapi,spinal,bulbar,muscular,atrophi,sbma"
"frontal,dysfunct,al,pbp,patient,relat,bulbar,symptom,rcbf,declin"
"viral,deliveri,mir-196a,amelior,sbma,phenotyp,silenc,celf2"
"develop,treatment,spinal,bulbar,muscular,atrophi"
"current,status,treatment,spinal,bulbar,muscular,atrophi"
"polyglutamin,expans,diseas,protein,sequest,ptip,attenu,dna,repair,increas,genom,instabl"
"longitudin,chang,outcom,measur,spinal,bulbar,muscular,atrophi"
"vivo,role,androgen,receptor,sumoyl,reveal,androgen,insensit,syndrom,prostat,cancer,mutat,target,prolin,glycin,residu,synergi,control,motif"
"regul,androgen,receptor,post,translat,modif"
"condit,knockout,menk,diseas,copper,transport,demonstr,critic,role,embryogenesi"
"klinefelt,syndrom,associ,progress,muscular,atrophi,simul,kennedi,diseas"
"cross,section,longitudin,analysi,oxid,stress,biomark,spinal,bulbar,muscular,atrophi"
"insulinlik,growth,factor,igf,1,administr,amelior,diseas,manifest,mous,model,spinal,bulbar,muscular,atrophi"
"naratriptan,mitig,cgrp1-associ,motor,neuron,degener,caus,expand,polyglutamin,repeat,tract"
"role,androgen,receptor,polyq,chain,elong,kennedi,diseas,use,natur,osmolyt,potenti,therapeut,target"
"fus,dysregul,spinal,bulbar,muscular,atrophi,androgen,receptor,polyglutamin,repeat,expans"
"goserelin,improv,weak,patient,kennedi,diseas,40-week,administr"
"assess,swallow,motor,neuron,diseas,asidan/sca36,patient,new,method"
"androgen,receptor,health,diseas"
"anti,androgen,therapi,spinal,bulbar,muscular,atrophi,sbma"
"non,invas,quantit,emg,invent,cluster,index,ci,method"
"structur,chang,central,white,matter,tract,kennedi,diseas,diffus,tensor,imag,voxel,base,morphometri,studi"
"activ,hsp70,reduc,neurotox,promot,polyglutamin,protein,degrad"
"cug,bp,elav,like,famili,celf,mediat,altern,splice,regul,brain,health,diseas"
"decrement,respons,repetit,nerv,stimul,x,link,bulbospin,muscular,atrophi"
"heat,shock,factor-1,influenc,patholog,lesion,distribut,polyglutamin,induc,neurodegener"
"genistein,natur,product,deriv,soybean,amelior,polyglutamin,mediat,motor,neuron,diseas"
"enhanc,aggreg,androgen,receptor,induc,pluripot,stem,cell,deriv,neuron,spinal,bulbar,muscular,atrophi"
"far,field,potenti,hypothenar,motor,unit,number,estim"
"induct,heat,shock,respons,amelior,diseas,progress,mous,model,human,spinal,bulbar,muscular,atrophi,implic,therapi"
"role,androgen,reduct,treatment,kennedi,diseas"
"new,rout,therapi,spinal,bulbar,muscular,atrophi"
"myasthen,symptom,patient,kennedi,diseas"
"unstabl,repeat,evolv,face,neurolog,diseas"
"open,trial,long,term,testosteron,suppress,spinal,bulbar,muscular,atrophi"
"conveni,diagnosi,spinal,bulbar,muscular,atrophi,use,microchip,electrophoresi"
"androgen,receptor,inclus,acquir,grp78/bip,amelior,androgen,induc,protein,misfold,stress,embryon,stem,cell"
"androgen,receptor,muscl,fiber,induc,rapid,loss,forc,mass,implic,spinal,bulbar,muscular,atrophi"
"p62/sqstm1,differenti,remov,toxic,mutant,androgen,receptor,autophagi,inclus,format,spinal,bulbar,muscular,atrophi,mous,model"
"promin,fatigu,spinal,muscular,atrophi,spinal,bulbar,muscular,atrophi,evid,activ,depend,conduct,block"
"androgen,depend,impair,myogenesi,spinal,bulbar,muscular,atrophi"
"pilot,trial,clenbuterol,spinal,bulbar,muscular,atrophi"
"analysi,inconsist,terminolog,spinal,bulbar,muscular,atrophi,effect,retriev,research"
"dimension,structur,cap,gli,domain,mammalian,dynactin,determin,magic,angl,spin,nmr,spectroscopi,conform,plastic,interact,end,bind,protein,eb1"
"spinal,bulbar,muscular,atrophi,pathogenesi,clinic,manag"
"evid,cardiomyopathi,spinal,bulbar,muscular,atrophi"
"sirtuin,deacetylas,neurodegen,diseas,age"
"cell,biolog,approach,investig,polyglutamin,expand,ar,metabol"
"mechan,mediat,spinal,bulbar,muscular,atrophi,investig,polyglutamin,expand,androgen,receptor,function,dysfunct"
"chang,pituitari,gland,volum,kennedi,diseas"
"long,term,follow,spinal,bulbar,muscular,atrophi,taiwan"
"anomal,protein,dna,interact,neurolog,disord"
"clearanc,mutant,androgen,receptor,motoneuron,model,spinal,bulbar,muscular,atrophi"
"akhenaten,realli,sick"
"spinal,muscular,atrophi,motor,neuron,disord,multi,organ,diseas"
"kennedi,diseas,peru,case,molecular,diagnosi"
"focal,thin,motor,cortex,mirror,clinic,featur,amyotroph,later,sclerosi,phenotyp,neuroimag,studi"
"differ,ataxin-3,amyloid,aggreg,induc,intracellular,ca,2,deregul,differ,mechan,cerebellar,granul,cell"
"pathogen,mechan,therapeut,strategi,spinobulbar,muscular,atrophi"
"sequenc,analysi,spinal,bulbar,muscular,atrophi,cag,expans,reveal,absenc,repeat,interrupt"
"determin,androgen,receptor,degrad,enhanc,asc-j9,â,mous,sera,organ,liquid,chromatographi,tandem,mass,spectrometri"
"kennedi,diseas,misdiagnos,polymyos,case,report"
"brown,vialetto,van,laer,syndrom,clinic,neuroradiolog,find,genet,proven,patient"
"associ,nfe2l2,keap1,haplotyp,amyotroph,later,sclerosi"
"cerebr,involv,spinal,bulbar,muscular,atrophi,kennedi,diseas,pilot,studi,pet"
"transcript,activ,tfeb/zkscan3,target,gene,under,enhanc,autophagi,spinobulbar,muscular,atrophi"
"minor,cognit,disturb,x,link,spinal,bulbar,muscular,atrophi,kennedi,diseas"
"brown,vialetto,van,laer,syndrom,riboflavin,respons,neuronopathi,infanc,singular,featur"
"postur,leg,tremor,x,link,spinal,bulbar,muscular,atrophi"
"microrna,neurodegen,disord"
"overcom,neurolog,diseas,breakthrough,new,era"
"histori,hereditari,motor,sensori,neuropathi,proxim,domin,involv,hmsn,p"
"neuropatholog,proxim,domin,hereditari,motor,sensori,neuropathi,hmsn,p"
"al,ftld,relat,rna,bind,protein,tdp-43,fus,common,downstream,rna,target,cortic,neuron"
"tongu,pressur,novel,biomark,spinal,bulbar,muscular,atrophi"
"distinct,acoust,featur,spinal,bulbar,muscular,atrophi,patient,laryngospasm"
"bystand,contribut,intrins,skelet,muscl,defect,motor,neuron,diseas"
"rapid,worsen,bulbar,symptom,patient,spinobulbar,muscular,atrophi"
"androgen,receptor,phosphoryl,biolog,context,function,consequ"
"recent,progress,genet,motor,neuron,diseas"
"paeoniflorin,elimin,mutant,ar,nf,ya,depend,proteolysi,spinal,bulbar,muscular,atrophi"
"sleep,disord,spinal,bulbar,muscular,atrophi,kennedi,diseas,control,polysomnograph,self,report,questionnair,studi"
"neuropatholog,stage,spinocerebellar,ataxia,type,2,semiquantit,1c2-posit,neuron,type,nuclear,transloc,cytoplasm,1c2,under,diseas,progress,spinocerebellar,ataxia,type,2"
"epidemiolog,clinic,spectrum,al,differenti,diagnos"
"antiandrogen,flutamid,protect,male,mice,androgen,depend,toxic,model,spinal,bulbar,muscular,atrophi"
"muscl,express,mutant,androgen,receptor,account,system,motor,neuron,diseas,phenotyp,spinal,bulbar,muscular,atrophi"
"muscl,matter,kennedi,diseas"
"peripher,androgen,receptor,gene,suppress,rescu,diseas,mous,model,spinal,bulbar,muscular,atrophi"
"brugada,syndrom,spinal,bulbar,muscular,atrophi"
"sbma,rare,diseas,classic,al,mimic,syndrom"
"correl,clinic,molecular,featur,spinal,bulbar,muscular,atrophi"
"polyglutamin,polyq,diseas,genet,treatment"
"kennedi,diseas,biphas,clinic,cours,rapid,progress"
"assess,function,endur,adult,spinal,bulbar,muscular,atrophi,valid,adult,myopathi,assess,tool"
"myopath,involv,mitochondri,patholog,kennedi,diseas,motor,neuron,diseas"
"endoplasm,reticulum,stress,spinal,bulbar,muscular,atrophi,potenti,target,therapi"
"stem,cell,deriv,motor,neuron,spinal,bulbar,muscular,atrophi,patient"
"model,heat,shock,protein,90,target,protein,fold,cleft,rational,new,approach,neuroprotect,treatment,protein,fold,diseas"
"acceler,neuron,differenti,motor,neuron,lineag,human,embryon,stem,cell,line,h9"
"earli,onset,novel,featur,spinal,bulbar,muscular,atrophi,patient,68,cag,repeat"
"fascicul,human,hereditari,diseas"
"yeast,augment,network,analysi,yana,new,system,approach,identifi,therapeut,target,human,genet,diseas"
"divers,androgen,receptor,cag,repeat,shape,multistep,mutat,mechan"
"polyglutamin,expand,androgen,receptor,interfer,tfeb,elicit,autophagi,defect,sbma"
"synerg,prodegrad,activ,bicalutamid,trehalos,mutant,androgen,receptor,respons,spinal,bulbar,muscular,atrophi"
"bulbar,muscl,mri,chang,patient,sma,reduc,mouth,open,dysphagia"
"clearanc,war,polyq,strike"
"pioglitazon,suppress,neuron,muscular,degener,caus,polyglutamin,expand,androgen,receptor"
"analysi,conform,androgen,receptor,spinal,bulbar,muscular,atrophi,atom,forc,microscopi"
"potenti,therapeut,target,polyglutamin,mediat,diseas"
"use,sugammadex,patient,kennedi,diseas,general,anesthesia"
"target,hsp90/hsp70-base,protein,qualiti,control,treatment,adult,onset,neurodegen,diseas"
"head,arm,tremor,x,link,spinal,bulbar,muscular,atrophi"
"human,adipos,deriv,mesenchym,stem,cell,new,model,spinal,bulbar,muscular,atrophi"
"theori,mind,empathi,neuropsycholog,function,x,link,spinal,bulbar,muscular,atrophi,control,studi,20,patient"
"comparison,clinic,physiolog,characterist,kennedi,diseas,amyotroph,later,sclerosi"
"investig,famili,kennedi,diseas,genet,analysi"
"molecular,diagnosi,patient,kennedi,diseas"
"protein,arginin,methyltransferas,6,enhanc,polyglutamin,expand,androgen,receptor,function,toxic,spinal,bulbar,muscular,atrophi"
"fight,polyglutamin,diseas,wrestl,sumo"
"disrupt,sumoyl,enhanc,transcript,function,amelior,polyglutamin,androgen,receptor,mediat,diseas"
"contractil,dysfunct,muscl,underli,androgen,depend,motor,dysfunct,spinal,bulbar,muscular,atrophi"
"transcript,profil,muscl,follow,acut,induct,symptom,mous,model,kennedi,diseas,spinobulbar,muscular,atrophi"
"laboratori,evalu,suspect,motor,neuron,diseas,survey,physician"
"teach,video,neuroimag,hand,tremor,tongu,perior,fascicul,patient,kennedi,diseas"
"proteasom,mediat,proteolysi,polyglutamin,expand,androgen,receptor,late,event,spinal,bulbar,muscular,atrophi,sbma,pathogenesi"
"genotyp,phenotyp,correl,chines,patient,spinal,bulbar,muscular,atrophi"
"morpholog,chang,skelet,muscl,spinal,bulbar,muscular,atrophi,sbma,kennedi,diseas,case,report"
"kennedi,diseas,partial,androgen,insensit,syndrom,report,4,case,literatur,review"
"effect,thymic,stimul,cd4,t,cell,expans,diseas,onset,progress,mutant,sod1,mice"
"distinct,etiolog,role,myocyt,motor,neuron,mous,model,kennedi,diseas,spinobulbar,muscular,atrophi"
"function,scale,spinal,bulbar,muscular,atrophi,cross,section,longitudin,studi"
"androgen,depend,loss,muscl,bdnf,mrna,mous,model,sbma"
"serin,phosphoryl,arginin,methyl,crossroad,neurodegener"
"fascicul,masquerad,minipolymyoclonus,bulbospin,muscular,atrophi"
"spontan,activ,electromyographi,differenti,certain,benign,lower,motor,neuron,diseas,form,amyotroph,later,sclerosi"
"clinic,characterist,genotyp,phenotyp,correl,korean,patient,spinal,bulbar,muscular,atrophi"
"upper,motor,neuron,involv,kennedi,diseas,evalu,tripl,stimul,techniqu"
"210th,enmc,intern,workshop,research,clinic,manag,patient,spinal,bulbar,muscular,atrophi,27-29,march,2015,naarden,netherland"
"silenc,neuron,mutant,androgen,receptor,mous,model,spinal,bulbar,muscular,atrophi"
"random,control,trial,exercis,spinal,bulbar,muscular,atrophi"
"spinal,bulbar,muscular,atrophi,charcot,mari,tooth,type,1a,exist,rare,neuromuscular,genet,diseas,patient"
"nemo,like,kinas,novel,regul,spinal,bulbar,muscular,atrophi"
"myotonia,like,symptom,patient,spinal,bulbar,muscular,atrophi"
"mitochondri,implic,bulbospin,muscular,atrophi,kennedi,diseas"
"identif,novel,polyglutamin,expand,aggreg,speci,spinal,bulbar,muscular,atrophi"
"onset,manifest,spinal,bulbar,muscular,atrophi,kennedi,diseas"
"spinobulbar,muscular,atrophi,kennedi,diseas,rare,diagnosi,greek,popul"
"aberr,autophag,respons,muscl,knock,mous,model,spinal,bulbar,muscular,atrophi"
"non,neural,phenotyp,spinal,bulbar,muscular,atrophi,result,larg,cohort,italian,patient"
"spinal,bulbar,muscular,atrophi"
"spinal,bulbar,muscular,atrophi,overview"
"overexpress,hepatocyt,growth,factor,sbma,model,mice,addit,effect,combin,therapi,castrat"
"inhibit,androgen,receptor,antiandrogen,spinobulbar,muscl,atrophi"
"clinic,trial,spinal,bulbar,muscular,atrophi,past,present,futur"
"role,protein,qualiti,control,sbma"
"diagnost,clinic,electrodiagnost,muscl,patholog,featur,spinal,bulbar,muscular,atrophi"
"target,molecular,therapi,sbma"
"exercis,therapi,spinobulbar,muscular,atrophi,neuromuscular,disord"
"vitro,vivo,model,spinal,bulbar,muscular,atrophi"
"kennedi,diseas,misdiagnos,polyneuropathi,organomegali,endocrinopathi,monoclon,gammopathi,skin,chang,poem,syndrom,case,report"
"head,lift,exercis,improv,swallow,dysfunct,spinal,bulbar,muscular,atrophi"
"mutat,analysi,gene,dynactin,complex,cohort,hereditari,peripher,neuropathi"
"patholog,featur,muscl,peripher,nerv,kennedi,diseas,report,12,case"
"prevent,androgen,receptor,n,c,interact,delay,diseas,onset,mous,model,sbma"
"epigenet,triplet,repeat,neurolog,diseas"
"european,registri,biorepositori,patient,spinal,bulbar,muscular,atrophi"
"mir-298,counteract,mutant,androgen,receptor,toxic,spinal,bulbar,muscular,atrophi"
"late,onset,sandhoff,diseas,present,kennedi,diseas"
"case,general,anesthesia,patient,spinal,bulbar,muscular,atrophi"
"introduct,special,issu,spinal,bulbar,muscular,atrophi"
"rapid,progress,defect,spermatogenesi,mexican,famili,affect,spino,bulbar,muscular,atrophi"
"molecular,diagnosi,spinal,bulbar,muscular,atrophi,slovakia"
"small,molecul,nrf1,nrf2,activ,mitig,polyglutamin,toxic,spinal,bulbar,muscular,atrophi"
"glycolyt,oxid,fiber,type,switch,mtor,signal,activ,earli,onset,featur,sbma,muscl,modifi,high,fat,diet"
"androgen,receptor,relat,diseas,know"
"distinct,muscl,biopsi,find,genet,defin,adult,onset,motor,neuron,disord"
"pattern,differ,small,hand,muscl,atrophi,amyotroph,later,sclerosi,mimic,disord"
